{"train/inference_avg_power_mw":8433.452800000001,"train/inference_energy_per_sample_mj":0.20455507850433347,"train/f1_score":0.100838047391649,"ram_usage_percent":64.61942257217848,"test/f1_score":0.9494056423415158,"_wandb":{"runtime":1014},"test/inference_energy_per_sample_mj":0.14932183876647948,"train/accuracy":0.10118,"_runtime":1014,"validation/inference_total_energy_mj":824.302763671875,"VDD_IN_current_ma":1728,"final/val_accuracy_sample":0.940500020980835,"_timestamp":1.7639637982121832e+09,"train/inference_latency_per_sample_ms":0.024529237747192383,"epoch":9,"validation/inference_latency_per_sample_ms":0.01204681396484375,"test/inference_avg_power_mw":6842.496,"validation/inference_avg_power_mw":6842.496,"final/train_accuracy_sample":0.10019999742507935,"train/inference_total_energy_mj":10227.753925216675,"phase":"softmax","cpu_avg_percent":75.33333333333333,"train/error":0.8988199979066849,"VDD_SOC_voltage_mv":4936,"ram_used_mb":4924,"test/accuracy":0.9499,"test/inference_latency_per_sample_ms":0.02182271480560303,"validation/inference_total_latency_ms":120.4681396484375,"VDD_CPU_GPU_CV_voltage_mv":4928,"test/error":0.05010002851486206,"validation/error":0.05610001087188721,"validation/accuracy":0.9439,"test/inference_total_energy_mj":1493.218387664795,"final/test_accuracy":0.9498999714851379,"ram_total_mb":7620,"VDD_SOC_power_mw":2685.184,"test/inference_total_latency_ms":218.22714805603027,"VDD_IN_voltage_mv":4936,"sample_val_accuracy":0.9296875,"validation/f1_score":0.9433394873496288,"VDD_CPU_GPU_CV_current_ma":640,"gpu_usage_percent":5,"train/inference_total_latency_ms":1226.4618873596191,"_step":2023,"validation/inference_energy_per_sample_mj":0.0824302763671875,"VDD_CPU_GPU_CV_power_mw":3153.92,"VDD_SOC_current_ma":544,"VDD_IN_power_mw":8529.408}