{"VDD_CPU_GPU_CV_power_mw":2171.84,"test/inference_energy_per_sample_mj":0.009492157583618165,"_timestamp":1.7639494535235672e+09,"test/inference_total_energy_mj":94.92157583618165,"_step":1487,"VDD_SOC_voltage_mv":4944,"validation/inference_latency_per_sample_ms":0.0014094591140747072,"validation/inference_total_latency_ms":14.09459114074707,"test/accuracy":0.951,"gpu_usage_percent":8,"VDD_SOC_current_ma":528,"VDD_IN_current_ma":1480,"validation/inference_energy_per_sample_mj":0.00932480108795166,"VDD_IN_voltage_mv":4944,"test/inference_avg_power_mw":6615.872,"validation/inference_avg_power_mw":6615.872,"validation/inference_total_energy_mj":93.24801087951661,"test/inference_total_latency_ms":14.347553253173828,"train/inference_latency_per_sample_ms":0.0019397354125976559,"_wandb":{"runtime":743},"epoch":9,"cpu_avg_percent":17.333333333333332,"validation/f1_score":0.9491936462986883,"sample_val_accuracy":0.955078125,"VDD_IN_power_mw":7317.12,"train/inference_avg_power_mw":6615.872,"train/error":0.9006000012159348,"_runtime":743,"train/inference_total_energy_mj":641.652060180664,"train/accuracy":0.0994,"phase":"softmax","VDD_CPU_GPU_CV_voltage_mv":4936,"test/f1_score":0.9504887936216345,"ram_used_mb":5485,"VDD_SOC_power_mw":2610.432,"VDD_CPU_GPU_CV_current_ma":440,"validation/error":0.050300002098083496,"train/inference_total_latency_ms":96.98677062988281,"ram_usage_percent":71.98162729658793,"validation/accuracy":0.9497,"test/error":0.04900002479553223,"ram_total_mb":7620,"train/f1_score":0.09924103671755544,"test/inference_latency_per_sample_ms":0.0014347553253173826,"train/inference_energy_per_sample_mj":0.012833041203613282}