{"VDD_SOC_power_mw":2491.776,"VDD_CPU_GPU_CV_current_ma":352,"validation/inference_latency_per_sample_ms":0.0012377023696899414,"test/inference_energy_per_sample_mj":0.007960589868164062,"train/error":0.8999399989843369,"validation/inference_total_latency_ms":12.377023696899414,"train/accuracy":0.10006,"validation/inference_avg_power_mw":6644.736,"test/inference_latency_per_sample_ms":0.0011980295181274413,"ram_usage_percent":65.52493438320211,"validation/accuracy":0.9245,"_runtime":303,"validation/f1_score":0.9233988725600879,"train/inference_total_energy_mj":413.8701943359375,"_timestamp":1.7639363413789845e+09,"VDD_IN_voltage_mv":4944,"_step":304,"phase":"softmax","train/f1_score":0.09963575052504507,"test/accuracy":0.9312,"sample_val_accuracy":0.90234375,"VDD_IN_current_ma":1344,"VDD_CPU_GPU_CV_power_mw":1737.472,"gpu_usage_percent":0,"ram_used_mb":4993,"train/inference_avg_power_mw":6644.736,"VDD_CPU_GPU_CV_voltage_mv":4936,"_wandb":{"runtime":303},"validation/error":0.0755000114440918,"validation/inference_energy_per_sample_mj":0.008224205493164063,"test/inference_total_latency_ms":11.980295181274414,"test/f1_score":0.9303718175573857,"test/inference_avg_power_mw":6644.736,"cpu_avg_percent":17.5,"train/inference_latency_per_sample_ms":0.001245708465576172,"test/error":0.06879997253417969,"epoch":2,"ram_total_mb":7620,"validation/inference_total_energy_mj":82.24205493164062,"train/inference_energy_per_sample_mj":0.00827740388671875,"train/inference_total_latency_ms":62.285423278808594,"test/inference_total_energy_mj":79.60589868164062,"VDD_IN_power_mw":6644.736,"VDD_SOC_current_ma":504,"VDD_SOC_voltage_mv":4944}