{"test/f1_score":0.9408768536901508,"VDD_IN_voltage_mv":4952,"test/inference_avg_power_mw":6615.872,"cpu_avg_percent":17.833333333333332,"VDD_CPU_GPU_CV_power_mw":1779.84,"train/inference_latency_per_sample_ms":0.0016068553924560545,"VDD_IN_current_ma":1360,"VDD_SOC_current_ma":504,"_wandb":{"runtime":798},"validation/accuracy":0.9344,"validation/inference_avg_power_mw":6734.72,"_step":1595,"test/inference_total_latency_ms":15.471935272216797,"train/inference_energy_per_sample_mj":0.010694406782226563,"ram_total_mb":7620,"VDD_SOC_voltage_mv":4952,"train/accuracy":0.09972,"test/inference_latency_per_sample_ms":0.0015471935272216796,"validation/inference_total_latency_ms":15.718460083007812,"VDD_CPU_GPU_CV_voltage_mv":4944,"ram_used_mb":5229,"validation/error":0.06559997797012329,"train/f1_score":0.09949782406754308,"gpu_usage_percent":0,"VDD_SOC_power_mw":2495.808,"train/inference_total_energy_mj":534.720339111328,"_runtime":798,"phase":"softmax","train/inference_avg_power_mw":6655.488,"test/inference_energy_per_sample_mj":0.01023603433532715,"train/error":0.9002799987792969,"test/inference_total_energy_mj":102.36034335327149,"validation/inference_total_energy_mj":105.85942749023438,"VDD_IN_power_mw":6734.72,"train/inference_total_latency_ms":80.34276962280273,"epoch":9,"sample_val_accuracy":0.931640625,"validation/f1_score":0.9334211507853596,"_timestamp":1.7639471748648794e+09,"test/error":0.05849999189376831,"VDD_CPU_GPU_CV_current_ma":360,"ram_usage_percent":68.62204724409449,"test/accuracy":0.9415,"validation/inference_latency_per_sample_ms":0.0015718460083007813,"validation/inference_energy_per_sample_mj":0.010585942749023438}