{"VDD_SOC_voltage_mv":4920,"train/inference_total_energy_mj":25015.966073516847,"validation/error":0.05140000581741333,"gpu_usage_percent":0,"sample_val_accuracy":0.958984375,"final/train_accuracy_sample":0.10300000011920929,"VDD_CPU_GPU_CV_voltage_mv":4904,"validation/inference_avg_power_mw":7851.328,"train/inference_energy_per_sample_mj":0.500319321470337,"final/test_accuracy":0.9473000168800354,"validation/inference_total_energy_mj":3995.183196350098,"phase":"softmax","test/inference_total_latency_ms":564.0299320220947,"_runtime":1543,"validation/inference_latency_per_sample_ms":0.0510056734085083,"train/inference_latency_per_sample_ms":0.05446189403533935,"ram_usage_percent":67.5984251968504,"validation/accuracy":0.9486,"train/inference_avg_power_mw":9197.209599999998,"VDD_CPU_GPU_CV_power_mw":4001.664,"_wandb":{"runtime":1543},"train/inference_total_latency_ms":2723.094701766968,"test/accuracy":0.9473,"ram_total_mb":7620,"train/accuracy":0.09956,"VDD_SOC_power_mw":2755.2,"VDD_CPU_GPU_CV_current_ma":816,"test/f1_score":0.9468434943180659,"cpu_avg_percent":99,"VDD_IN_voltage_mv":4920,"test/inference_latency_per_sample_ms":0.05640299320220947,"test/inference_avg_power_mw":8206.304,"epoch":9,"train/error":0.9004399999976158,"VDD_IN_power_mw":9485.76,"test/inference_total_energy_mj":4578.25774066162,"train/f1_score":0.09940546791688945,"VDD_IN_current_ma":1928,"validation/inference_energy_per_sample_mj":0.3995183196350098,"_step":3064,"validation/inference_total_latency_ms":510.056734085083,"test/inference_energy_per_sample_mj":0.4578257740661621,"test/error":0.0526999831199646,"_timestamp":1.7639690590026875e+09,"validation/f1_score":0.9480995320454341,"final/val_accuracy_sample":0.9539999961853027,"VDD_SOC_current_ma":560,"ram_used_mb":5151}