{"validation/accuracy":0.9249,"train/inference_latency_per_sample_ms":0.016967277526855472,"validation/inference_avg_power_mw":5616.384,"train/accuracy":0.10062,"validation/f1_score":0.9237391379450063,"ram_usage_percent":66.12860892388451,"_timestamp":1.7639330053341975e+09,"test/accuracy":0.9305,"phase":"softmax","validation/inference_energy_per_sample_mj":0.07772142491455078,"train/inference_total_energy_mj":4630.519349121094,"test/inference_energy_per_sample_mj":0.06404950264892578,"train/inference_total_latency_ms":848.3638763427734,"cpu_avg_percent":83.5,"train/inference_energy_per_sample_mj":0.09261038698242188,"sample_val_accuracy":0.92578125,"validation/inference_total_latency_ms":138.3833885192871,"_runtime":379,"final/val_accuracy_sample":0.9275000095367432,"validation/error":0.07510000467300415,"test/inference_latency_per_sample_ms":0.010941720008850098,"validation/inference_total_energy_mj":777.2142491455078,"VDD_CPU_GPU_CV_current_ma":488,"test/inference_total_energy_mj":640.4950264892578,"VDD_CPU_GPU_CV_power_mw":2408.768,"VDD_SOC_power_mw":1384.32,"VDD_IN_current_ma":1280,"test/inference_total_latency_ms":109.41720008850098,"VDD_SOC_voltage_mv":4944,"VDD_SOC_current_ma":280,"gpu_usage_percent":0,"VDD_CPU_GPU_CV_voltage_mv":4936,"train/error":0.8993799984455109,"ram_total_mb":7620,"VDD_IN_voltage_mv":4944,"test/f1_score":0.9295223615508427,"epoch":2,"train/f1_score":0.10040383512169879,"_step":380,"VDD_IN_power_mw":6328.32,"test/error":0.06950002908706665,"validation/inference_latency_per_sample_ms":0.013838338851928712,"test/inference_avg_power_mw":5853.696,"train/inference_avg_power_mw":5458.176,"ram_used_mb":5039,"final/train_accuracy_sample":0.10639999806880951,"_wandb":{"runtime":379},"final/test_accuracy":0.9304999709129333}