{"validation/inference_latency_per_sample_ms":0.0011817693710327148,"_timestamp":1.7639479478320014e+09,"VDD_CPU_GPU_CV_current_ma":440,"test/accuracy":0.9511,"VDD_IN_current_ma":1472,"VDD_IN_power_mw":7277.568,"VDD_SOC_current_ma":528,"train/inference_latency_per_sample_ms":0.0011875057220458983,"_runtime":754,"train/error":0.8990200012922287,"test/inference_total_energy_mj":77.98718057250977,"_wandb":{"runtime":754},"train/inference_avg_power_mw":6615.872,"ram_used_mb":5220,"test/inference_latency_per_sample_ms":0.0011787891387939455,"validation/inference_total_energy_mj":80.5251976928711,"validation/error":0.05229997634887695,"test/inference_energy_per_sample_mj":0.007798718057250977,"VDD_IN_voltage_mv":4944,"gpu_usage_percent":62,"validation/f1_score":0.9470586249345849,"validation/accuracy":0.9477,"VDD_SOC_power_mw":2610.432,"validation/inference_avg_power_mw":6813.952,"cpu_avg_percent":19.5,"test/inference_total_latency_ms":11.787891387939453,"train/f1_score":0.10061064720188387,"VDD_CPU_GPU_CV_power_mw":2171.84,"validation/inference_total_latency_ms":11.817693710327148,"train/inference_total_energy_mj":392.81929281616215,"train/inference_total_latency_ms":59.37528610229492,"epoch":9,"sample_val_accuracy":0.93359375,"VDD_SOC_voltage_mv":4944,"test/inference_avg_power_mw":6615.872,"VDD_CPU_GPU_CV_voltage_mv":4936,"validation/inference_energy_per_sample_mj":0.00805251976928711,"test/f1_score":0.9505025386858973,"train/inference_energy_per_sample_mj":0.007856385856323244,"ram_total_mb":7620,"test/error":0.04890000820159912,"_step":1508,"ram_usage_percent":68.50393700787401,"phase":"softmax","train/accuracy":0.10098}