{"validation/inference_latency_per_sample_ms":0.0011115550994873049,"VDD_CPU_GPU_CV_voltage_mv":4936,"VDD_IN_voltage_mv":4944,"train/accuracy":0.09856,"epoch":2,"validation/inference_total_latency_ms":11.115550994873047,"validation/inference_total_energy_mj":74.29954412841796,"VDD_CPU_GPU_CV_power_mw":1776.96,"test/inference_total_latency_ms":11.125564575195312,"validation/inference_energy_per_sample_mj":0.007429954412841796,"test/f1_score":0.9271610625817474,"validation/f1_score":0.9221625207856862,"phase":"softmax","train/inference_total_energy_mj":359.8717653808594,"_runtime":289,"validation/inference_avg_power_mw":6684.288,"_step":575,"_wandb":{"runtime":289},"train/inference_energy_per_sample_mj":0.007197435307617186,"test/accuracy":0.9284,"ram_total_mb":7620,"gpu_usage_percent":0,"VDD_IN_current_ma":1352,"train/f1_score":0.09826461934583522,"ram_usage_percent":67.0997375328084,"test/inference_avg_power_mw":6644.736,"VDD_SOC_voltage_mv":4944,"train/inference_avg_power_mw":6644.736,"train/inference_total_latency_ms":54.158926010131836,"sample_val_accuracy":0.9296875,"VDD_SOC_power_mw":2491.776,"validation/error":0.07609999179840088,"train/error":0.9014400020241737,"VDD_IN_power_mw":6684.288,"test/error":0.07160001993179321,"validation/accuracy":0.9239,"VDD_CPU_GPU_CV_current_ma":360,"cpu_avg_percent":17.333333333333332,"_timestamp":1.763938118682963e+09,"train/inference_latency_per_sample_ms":0.0010831785202026368,"ram_used_mb":5113,"VDD_SOC_current_ma":504,"test/inference_latency_per_sample_ms":0.0011125564575195312,"test/inference_energy_per_sample_mj":0.0073926439453125,"test/inference_total_energy_mj":73.926439453125}