{"train/inference_latency_per_sample_ms":0.008896298408508302,"final/val_accuracy_sample":0.9384999871253967,"test/accuracy":0.9415,"VDD_CPU_GPU_CV_power_mw":2053.376,"ram_usage_percent":66.75853018372703,"test/inference_total_latency_ms":84.90514755249023,"validation/error":0.06290000677108765,"VDD_IN_current_ma":1448,"ram_total_mb":7620,"VDD_IN_power_mw":7158.912,"train/inference_total_latency_ms":444.81492042541504,"final/test_accuracy":0.9415000081062317,"train/inference_total_energy_mj":2960.4603651123043,"_step":1659,"validation/inference_latency_per_sample_ms":0.009077930450439453,"cpu_avg_percent":26.166666666666668,"test/inference_energy_per_sample_mj":0.056508519067382815,"train/f1_score":0.10179087499145618,"_timestamp":1.7639601983254058e+09,"test/f1_score":0.9408156687769477,"train/inference_avg_power_mw":6655.488,"sample_val_accuracy":0.94140625,"test/inference_avg_power_mw":6655.488,"VDD_SOC_power_mw":2570.88,"test/inference_total_energy_mj":565.0851906738282,"train/accuracy":0.10214,"gpu_usage_percent":34,"train/error":0.8978599980473518,"validation/f1_score":0.9363637400148239,"VDD_IN_voltage_mv":4944,"validation/inference_energy_per_sample_mj":0.060320451269531256,"VDD_SOC_voltage_mv":4944,"validation/accuracy":0.9371,"VDD_SOC_current_ma":520,"validation/inference_total_latency_ms":90.77930450439453,"_runtime":830,"validation/inference_total_energy_mj":603.2045126953126,"validation/inference_avg_power_mw":6644.736,"epoch":9,"test/error":0.05849999189376831,"phase":"softmax","train/inference_energy_per_sample_mj":0.05920920730224609,"final/train_accuracy_sample":0.09759999811649323,"test/inference_latency_per_sample_ms":0.008490514755249024,"_wandb":{"runtime":830},"ram_used_mb":5087,"VDD_CPU_GPU_CV_current_ma":416,"VDD_CPU_GPU_CV_voltage_mv":4936}