{"_step":188,"gradients/conv1.weight":{"bins":[-0.029804732650518417,-0.029034525156021118,-0.02826431766152382,-0.02749411202967167,-0.02672390453517437,-0.02595369704067707,-0.02518348954617977,-0.02441328391432762,-0.023643076419830322,-0.022872868925333023,-0.022102661430835724,-0.021332453936338425,-0.020562246441841125,-0.019792040809988976,-0.019021833315491676,-0.018251627683639526,-0.017481420189142227,-0.016711212694644928,-0.01594100520014763,-0.01517079770565033,-0.014400591142475605,-0.01363038457930088,-0.012860177084803581,-0.012089969590306282,-0.011319762095808983,-0.010549554601311684,-0.009779348969459534,-0.009009141474962234,-0.008238933980464935,-0.007468726485967636,-0.006698520854115486,-0.005928313359618187,-0.005158105865120888,-0.0043878983706235886,-0.0036176908761262894,-0.0028474852442741394,-0.00207727774977684,-0.001307070255279541,-0.0005368627607822418,0.00023334287106990814,0.0010035503655672073,0.0017737578600645065,0.0025439653545618057,0.003314172849059105,0.0040843794122338295,0.004854585975408554,0.005624793469905853,0.006395000033080578,0.007165207527577877,0.007935415022075176,0.0087056215852499,0.0094758290797472,0.010246035642921925,0.011016243137419224,0.011786449700593948,0.012556657195091248,0.013326864689588547,0.014097071252763271,0.014867277815937996,0.015637485310435295,0.016407692804932594,0.017177900299429893,0.017948105931282043,0.018718313425779343,0.019488520920276642],"_type":"histogram","values":[1,0,0,0,1,0,2,2,2,1,2,1,2,0,4,6,1,2,2,0,5,3,5,2,5,8,3,2,5,7,7,10,7,10,11,7,8,12,5,6,18,16,6,5,7,6,4,0,6,3,3,2,3,4,0,3,0,1,3,0,1,1,0,1]},"gradients/conv2.bias":{"bins":[-0.012401895597577095,-0.012088253162801266,-0.011774611659348011,-0.011460969224572182,-0.011147326789796352,-0.010833684355020523,-0.010520042851567268,-0.010206400416791439,-0.00989275798201561,-0.009579116478562355,-0.009265474043786526,-0.008951831609010696,-0.008638190105557442,-0.008324547670781612,-0.008010905236005783,-0.007697263266891241,-0.007383621297776699,-0.007069979328662157,-0.006756336893886328,-0.006442694924771786,-0.006129052489995956,-0.005815410520881414,-0.005501768551766872,-0.005188126116991043,-0.004874484147876501,-0.004560842178761959,-0.00424719974398613,-0.0039335573092103004,-0.0036199158057570457,-0.0033062733709812164,-0.002992630936205387,-0.0026789894327521324,-0.002365346997976303,-0.002051704563200474,-0.001738063059747219,-0.0014244206249713898,-0.0011107781901955605,-0.0007971366867423058,-0.00048349425196647644,-0.00016985181719064713,0.00014379015192389488,0.0004574321210384369,0.0007710745558142662,0.0010847165249288082,0.0013983584940433502,0.0017120009288191795,0.0020256428979337215,0.002339285332709551,0.002652927301824093,0.002966569270938635,0.003280211705714464,0.003593853674829006,0.0039074961096048355,0.0042211380787193775,0.0045347800478339195,0.004848422482609749,0.005162064451724291,0.005475706420838833,0.005789348855614662,0.006102990824729204,0.006416632793843746,0.0067302752286195755,0.0070439171977341175,0.007357559632509947,0.007671201601624489],"_type":"histogram","values":[1,0,0,0,0,0,0,0,0,0,0,0,0,0,0,1,0,0,0,0,0,0,0,0,0,0,1,1,1,0,0,1,0,0,0,0,0,0,3,1,0,2,0,3,0,0,0,0,0,0,0,0,0,0,0,0,1,0,1,0,0,1,1,1]},"gradients/fc2.bias":{"_type":"histogram","values":[1,0,0,0,0,1,0,0,0,0,0,0,0,0,0,0,0,0,0,1,0,0,0,0,0,1,0,0,1,1,0,0,0,0,0,1,0,2,0,0,0,0,0,0,0,0,0,0,0,0,0,0,0,0,0,0,0,0,0,0,0,0,0,1],"bins":[-0.02035854570567608,-0.01963609643280506,-0.018913645297288895,-0.018191196024417877,-0.01746874675154686,-0.016746297478675842,-0.016023848205804825,-0.015301397070288658,-0.01457894779741764,-0.013856498524546623,-0.013134048320353031,-0.012411598116159439,-0.011689148843288422,-0.010966699570417404,-0.010244249366223812,-0.00952179916203022,-0.008799349889159203,-0.008076900616288185,-0.007354450412094593,-0.006632000207901001,-0.0059095509350299835,-0.005187101662158966,-0.004464650526642799,-0.003742201253771782,-0.0030197519809007645,-0.002297302708029747,-0.0015748534351587296,-0.0008524022996425629,-0.0001299530267715454,0.000592496246099472,0.0013149473816156387,0.002037396654486656,0.002759847790002823,0.0034822970628738403,0.004204746335744858,0.0049271974712610245,0.005649646744132042,0.006372096017003059,0.007094547152519226,0.007816996425390244,0.008539445698261261,0.009261894971132278,0.009984344244003296,0.010706795379519463,0.01142924465239048,0.012151693925261497,0.01287414412945509,0.013596594333648682,0.014319043606519699,0.015041492879390717,0.015763942152261734,0.0164863932877779,0.017208842560648918,0.017931291833519936,0.018653742969036102,0.01937619224190712,0.020098641514778137,0.020821090787649155,0.021543540060520172,0.02226599119603634,0.022988440468907356,0.023710889741778374,0.02443334087729454,0.025155790150165558,0.025878239423036575]},"epoch":1,"gradients/conv1.bias":{"values":[1,0,0,0,0,0,0,0,0,0,0,1,0,0,1,0,0,0,0,0,0,1,0,0,0,0,0,1,1,0,1,0,0,0,0,0,0,0,1,0,0,0,0,0,0,1,0,0,0,0,0,0,0,0,0,0,0,0,0,0,0,0,0,1],"bins":[-0.007123295217752457,-0.006921339780092239,-0.006719384808093309,-0.006517429836094379,-0.006315474398434162,-0.006113518960773945,-0.005911563988775015,-0.005709609016776085,-0.005507653579115868,-0.00530569814145565,-0.00510374316945672,-0.00490178819745779,-0.004699832759797573,-0.004497877322137356,-0.004295922350138426,-0.004093967378139496,-0.0038920119404792786,-0.003690056735649705,-0.0034881015308201313,-0.0032861463259905577,-0.003084191121160984,-0.0028822356835007668,-0.0026802807115018368,-0.002478325739502907,-0.0022763703018426895,-0.0020744148641824722,-0.0018724598921835423,-0.0016705049201846123,-0.001468549482524395,-0.0012665940448641777,-0.0010646390728652477,-0.0008626841008663177,-0.0006607291288673878,-0.0004587736912071705,-0.0002568187192082405,-5.486374720931053e-05,0.00014709169045090675,0.00034904712811112404,0.000551002100110054,0.000752957072108984,0.0009549125097692013,0.0011568679474294186,0.0013588229194283485,0.0015607778914272785,0.0017627333290874958,0.0019646885339170694,0.002166643738746643,0.0023685989435762167,0.0025705541484057903,0.002772509353235364,0.0029744645580649376,0.0031764197628945112,0.003378374967724085,0.0035803301725536585,0.003782285377383232,0.003984240815043449,0.004186195787042379,0.004388150759041309,0.004590106196701527,0.004792061634361744,0.004994016606360674,0.005195971578359604,0.005397927016019821,0.0055998824536800385,0.005801837425678968],"_type":"histogram"},"gradients/fc1.bias":{"values":[2,0,0,0,0,0,1,1,1,0,1,1,0,0,0,0,0,1,1,0,0,0,1,1,2,1,3,3,2,6,7,2,0,0,3,0,3,0,0,0,2,0,1,0,2,0,0,0,0,0,0,0,0,0,0,0,0,1,0,0,0,0,0,1],