{"ram_usage_percent":69.02887139107612,"test/inference_avg_power_mw":6615.872,"validation/inference_energy_per_sample_mj":0.009581050048828126,"validation/inference_avg_power_mw":6655.488,"VDD_SOC_voltage_mv":4944,"ram_total_mb":7620,"train/inference_total_energy_mj":488.1638620605469,"VDD_SOC_current_ma":536,"train/f1_score":0.10099580660416854,"test/inference_energy_per_sample_mj":0.00950319901123047,"test/inference_total_latency_ms":14.364242553710938,"VDD_SOC_power_mw":2649.984,"VDD_IN_current_ma":1528,"test/inference_total_energy_mj":95.0319901123047,"phase":"softmax","test/accuracy":0.95,"validation/accuracy":0.9461,"_step":1526,"VDD_CPU_GPU_CV_current_ma":464,"sample_val_accuracy":0.93359375,"test/inference_latency_per_sample_ms":0.0014364242553710936,"gpu_usage_percent":23,"train/inference_energy_per_sample_mj":0.009763277241210937,"_wandb":{"runtime":763},"VDD_IN_voltage_mv":4944,"VDD_CPU_GPU_CV_voltage_mv":4936,"VDD_IN_power_mw":7554.432,"validation/error":0.05390000343322754,"train/inference_total_latency_ms":73.34756851196289,"train/error":0.8986399993300438,"validation/f1_score":0.9456135163517635,"ram_used_mb":5260,"validation/inference_total_latency_ms":14.395713806152344,"test/f1_score":0.9495130174754568,"validation/inference_total_energy_mj":95.81050048828126,"train/inference_latency_per_sample_ms":0.0014669513702392576,"_timestamp":1.7639463619748352e+09,"epoch":9,"train/inference_avg_power_mw":6655.488,"VDD_CPU_GPU_CV_power_mw":2290.304,"validation/inference_latency_per_sample_ms":0.0014395713806152344,"test/error":0.050000011920928955,"train/accuracy":0.10136,"cpu_avg_percent":27,"_runtime":763}