{"train/inference_latency_per_sample_ms":0.0013808488845825193,"gpu_usage_percent":46,"test/f1_score":0.9412058923128896,"train/inference_energy_per_sample_mj":0.009175376293945312,"VDD_IN_power_mw":6842.496,"train/inference_total_energy_mj":458.7688146972656,"train/error":0.8978800028562546,"validation/accuracy":0.9377,"test/inference_avg_power_mw":6644.736,"_step":1551,"VDD_CPU_GPU_CV_voltage_mv":4936,"validation/inference_avg_power_mw":6644.736,"validation/inference_energy_per_sample_mj":0.0094914298828125,"VDD_SOC_current_ma":512,"validation/inference_total_energy_mj":94.914298828125,"train/inference_avg_power_mw":6644.736,"test/inference_latency_per_sample_ms":0.0014175653457641603,"test/inference_total_latency_ms":14.175653457641602,"VDD_IN_voltage_mv":4944,"VDD_IN_current_ma":1384,"VDD_CPU_GPU_CV_power_mw":1855.936,"_timestamp":1.763943278810351e+09,"test/error":0.058099985122680664,"validation/f1_score":0.9369477219560073,"cpu_avg_percent":17.5,"validation/inference_latency_per_sample_ms":0.0014284133911132814,"test/accuracy":0.9419,"validation/error":0.062300026416778564,"validation/inference_total_latency_ms":14.284133911132812,"sample_val_accuracy":0.94140625,"test/inference_energy_per_sample_mj":0.009419347485351563,"VDD_SOC_power_mw":2531.328,"train/f1_score":0.1017658154776033,"train/accuracy":0.10212,"VDD_CPU_GPU_CV_current_ma":376,"_runtime":776,"train/inference_total_latency_ms":69.04244422912598,"phase":"softmax","test/inference_total_energy_mj":94.19347485351562,"ram_usage_percent":68.21522309711287,"_wandb":{"runtime":776},"ram_total_mb":7620,"epoch":9,"ram_used_mb":5198,"VDD_SOC_voltage_mv":4944}