{"_runtime":838,"final/val_accuracy_sample":0.9455000162124634,"ram_used_mb":4910,"VDD_CPU_GPU_CV_current_ma":784,"_wandb":{"runtime":838},"ram_total_mb":7620,"validation/f1_score":0.9469668335366673,"train/inference_avg_power_mw":8069.183999999999,"train/error":0.8990200012922287,"VDD_IN_current_ma":1840,"train/inference_total_energy_mj":7819.878049743651,"phase":"softmax","test/f1_score":0.9505025386858973,"ram_usage_percent":64.43569553805774,"test/inference_total_latency_ms":144.5322036743164,"test/inference_avg_power_mw":6961.152,"validation/inference_energy_per_sample_mj":0.10288623573303224,"cpu_avg_percent":100,"VDD_SOC_power_mw":2641.408,"_step":1675,"train/inference_total_latency_ms":989.8209571838379,"test/inference_energy_per_sample_mj":0.10061106386718752,"VDD_IN_power_mw":9067.52,"test/accuracy":0.9511,"sample_val_accuracy":0.93359375,"train/inference_latency_per_sample_ms":0.019796419143676757,"validation/error":0.05239999294281006,"test/inference_latency_per_sample_ms":0.01445322036743164,"validation/inference_total_latency_ms":148.64516258239746,"epoch":9,"VDD_CPU_GPU_CV_power_mw":3857.28,"gpu_usage_percent":20,"test/inference_total_energy_mj":1006.110638671875,"train/f1_score":0.10061064720188387,"final/test_accuracy":0.9510999917984009,"VDD_SOC_current_ma":536,"validation/accuracy":0.9476,"final/train_accuracy_sample":0.10019999742507935,"VDD_SOC_voltage_mv":4928,"train/inference_energy_per_sample_mj":0.15639756099487304,"validation/inference_latency_per_sample_ms":0.014864516258239747,"VDD_IN_voltage_mv":4928,"train/accuracy":0.10098,"validation/inference_avg_power_mw":6921.6,"VDD_CPU_GPU_CV_voltage_mv":4920,"test/error":0.04890000820159912,"_timestamp":1.7639646535606885e+09,"validation/inference_total_energy_mj":1028.8623573303223}