{"_wandb":{"runtime":470},"gradients/fc1.weight":{"_type":"histogram","values":[1,1,0,0,0,0,1,1,0,0,2,0,1,0,2,0,3,4,2,4,1,6,8,6,6,8,14,11,30,33,87,153,279,564,1895,11378,490,234,140,96,86,85,65,50,30,32,34,20,18,20,14,12,12,10,10,10,10,4,4,4,3,2,1,3],"bins":[-0.17013634741306305,-0.16532067954540253,-0.160505011677742,-0.15568934381008148,-0.15087367594242096,-0.14605800807476044,-0.14124234020709991,-0.1364266723394394,-0.13161101937294006,-0.12679535150527954,-0.12197967618703842,-0.1171640083193779,-0.11234834790229797,-0.10753268003463745,-0.10271701216697693,-0.0979013442993164,-0.09308567643165588,-0.08827000856399536,-0.08345434069633484,-0.07863867282867432,-0.0738230049610138,-0.06900734454393387,-0.06419167667627335,-0.059376008808612823,-0.0545603409409523,-0.04974467307329178,-0.044929005205631256,-0.04011334106326103,-0.03529767319560051,-0.030482005327939987,-0.025666339322924614,-0.02085067331790924,-0.016035005450248718,-0.01121933851391077,-0.006403671577572823,-0.0015880046412348747,0.003227662295103073,0.008043329231441021,0.012858996167778969,0.017674662172794342,0.022490330040454865,0.027305997908115387,0.03212166577577591,0.03693732991814613,0.041752997785806656,0.04656866565346718,0.0513843297958374,0.056199997663497925,0.06101566553115845,0.06583133339881897,0.07064700126647949,0.07546266913414001,0.08027833700180054,0.08509399741888046,0.08990966528654099,0.09472533315420151,0.09954100102186203,0.10435666888952255,0.10917233675718307,0.1139880046248436,0.11880366504192352,0.12361933290958405,0.12843500077724457,0.1332506686449051,0.1380663365125656]},"gradients/conv2.bias":{"_type":"histogram","values":[1,0,0,0,0,0,0,0,0,0,0,0,1,0,1,0,0,0,1,0,3,2,0,0,0,1,0,1,2,1,1,0,0,1,0,0,0,0,0,0,1,0,1,0,0,0,0,1,0,0,0,0,0,0,0,0,0,0,0,0,0,0,0,1],"bins":[-0.012129779905080795,-0.011667460203170776,-0.011205139569938183,-0.010742819868028164,-0.010280500166118145,-0.009818179532885551,-0.009355859830975533,-0.008893540129065514,-0.008431220427155495,-0.007968899793922901,-0.007506580092012882,-0.007044259924441576,-0.00658193975687027,-0.006119620054960251,-0.005657299887388945,-0.005194980185478926,-0.0047326600179076195,-0.004270339850336313,-0.0038080201484262943,-0.003345699980854988,-0.0028833800461143255,-0.002421060111373663,-0.0019587399438023567,-0.0014964200090616941,-0.0010341000743210316,-0.0005717800813727081,-0.0001094600884243846,0.0003528599045239389,0.0008151798974722624,0.001277499832212925,0.0017398198833689094,0.0022021399345248938,0.0026644598692655563,0.003126779804006219,0.0035890997387468815,0.004051419906318188,0.004513739608228207,0.004976059775799513,0.005438379943370819,0.005900699645280838,0.006363019812852144,0.0068253399804234505,0.007287659682333469,0.007749979849904776,0.008212300017476082,0.0086746197193861,0.00913693942129612,0.009599260054528713,0.010061579756438732,0.010523899458348751,0.010986220091581345,0.011448539793491364,0.011910859495401382,0.012373180128633976,0.012835499830543995,0.013297819532454014,0.013760140165686607,0.014222459867596626,0.014684779569506645,0.015147099271416664,0.015609419904649258,0.01607174053788185,0.01653406023979187,0.01699637994170189,0.017458699643611908]},"_timestamp":1.7639164067270558e+09,"_step":9,"Examples":{"width":28,"height":28,"format":"png","count":10,"filenames":["media/images/Examples_9_33bf1be321e5f98ed330.png","media/images/Examples_9_79952daa4611dc5e7625.png","media/images/Examples_9_430f915692ba6020d599.png","media/images/Examples_9_a99a234beeca2fe49358.png","media/images/Examples_9_c70a757a3400658145ea.png","media/images/Examples_9_0ddf0790baf40154c627.png","media/images/Examples_9_09a36932c325e02bbdc6.png","media/images/Examples_9_eaec75525a9b1de42784.png","media/images/Examples_9_e6c1a897e0bf681df004.png","media/images/Examples_9_1622c561e8ff95f2609c.png"],"captions":["Pred: 6 Truth: 6","Pred: 6 Truth: 6","Pred: 2 Truth: 2","Pred: 5 Truth: 5","Pred: 1 Truth: 1","Pred: 0 Truth: 0","Pred: 4 Truth: 4","Pred: 7 Truth: 7","Pred: 5 Truth: 5","Pred: 8 Truth: 8"],"_type":"images/separated"},"gradients/conv1.weight":{"_type":"histogram","values":[1,1,1,2,0,2,0,1,0,1,3,3,6,1,5,4,6,8,10,5,11,16,14,13,14,13,9,11,10,7,13,11,7,7,4,3,2,2,0,2,3,1,2,4,0,1,1,3,1,1,0,0,0,0,1,0,2,0,0,0,0,0,0,1],"bins":[-0.0464739091694355,-0.044634249061346054,-0.04279458522796631,-0.04095492511987686,-0.039115265011787415,-0.03727560117840767,-0.03543594107031822,-0.033596280962228775,-0.03175661712884903,-0.029916957020759583,-0.028077296912670135,-0.02623763494193554,-0.024397972971200943,-0.022558312863111496,-0.0207186508923769,-0.018878990784287453,-0.017039328813552856,-0.015199667774140835,-0.013360006734728813,-0.011520344763994217,-0.009680683724582195,-0.007841022685170174,-0.006001361180096865,-0.004161699675023556,-0.002322038635611534,-0.00048237736336886883,0.0013572839088737965,0.0031969451811164618,0.005036606453359127,0.006876267492771149,0.008715929463505745,0.010555590502917767,0.012395255267620087,0.014234916307032108,0.01607457734644413,0.017914239317178726,0.019753899425268173,0.02159356139600277,0.023433223366737366,0.025272883474826813,0.02711254544556141,0.028952207416296005,0.030791867524385452,0.0326315276324749,0.034471191465854645,0.03631085157394409,0.03815051168203354,0.039990175515413284,0.04182983562350273,0.04366949573159218,0.045509159564971924,0.04734881967306137,0.04918847978115082,0.05102814361453056,0.05286780372262001,0.05470746383070946,0.0565471276640892,0.05838678777217865,0.0602264478802681,0.062066107988357544,0.06390576809644699,0.06574543565511703,0.06758509576320648,0.06942475587129593,0.07126441597938538]},"Test Loss":0.052097909927368166,"gradients/conv1.bias":{"_type":"histogram","values":[1,0,0,0,0,0,0,0,0,0,0,0,0,0,0,0,0,0,0,0,0,0,0,0,0,0,0,0,0,1,0,0,0,0,0,0,2,1,0,0,2,0,0,0,1,0,0,0,0,0,0,0,0,0,1,0,0,0,0,0,0,0,0,1],"bins":[-0.02404511533677578,-0.02331380546092987,-0.02258249744772911,-0.0218511875718832,-0.02111987955868244,-0.020388569682836533,-0.019657261669635773,-0.018925951793789864,-0.018194641917943954,-0.017463333904743195,-0.016732024028897285,-0.016000716015696526,-0.015269406139850616,-0.014538097195327282,-0.013806788250803947,-0.013075479306280613,-0.012344170361757278,-0.011612861417233944,-0.01088155247271061,-0.010150243528187275,-0.00941893458366394,-0.008687624707818031,-0.007956315763294697,-0.007225006818771362,-0.006493697874248028,-0.005762388929724693,-0.005031079985201359,-0.004299770575016737,-0.0035684616304934025,-0.002837152685970068,-0.00210584350861609,-0.0013745344476774335,-0.0006432253867387772,8.808367419987917e-05,0.0008193927351385355,0.0015507017960771918,0.002282010857015848,0.0030133198015391827,0.003744628978893161,0.004475938156247139,0.0052072471007704735,0.005938556045293808,0.0066698649898171425,0.007401174400001764,0.008132483810186386,0.00886379275470972,0.009595101699233055,0.01032641064375639,0.011057719588279724,0.011789028532803059,0.012520337477326393,0.013251646421849728,0.013982955366373062,0.014714265242218971,0.015445574186742306,0.01617688313126564,0.0169081911444664,0.01763950102031231,0.01837081089615822,0.01910211890935898,0.019833428785204887,0.020564736798405647,0.021296046674251556,0.022027354687452316,0.022758664563298225]},"_runtime":470,"gradients/fc2.weight":{"values":[1,0,0,0,0,0,0,0,0,0,0,1,0,2,2,0,2,1,0,0,1,2,1,1,2,0,0,1,4,2,3,3,2,4,7,7,11,20,286,59,24,8,8,1,6,6,1,4,0,2,2,2,4,1,0,0,0,0,1,0,1,2,0,2],