{"train/inference_energy_per_sample_mj":0.007113724672851563,"epoch":2,"_timestamp":1.763936956724032e+09,"train/f1_score":0.10033538928244597,"VDD_CPU_GPU_CV_current_ma":448,"_runtime":287,"VDD_IN_power_mw":7344.768,"VDD_IN_voltage_mv":4936,"test/error":0.0656999945640564,"train/inference_latency_per_sample_ms":0.00107058048248291,"validation/inference_latency_per_sample_ms":0.0010660171508789062,"test/inference_latency_per_sample_ms":0.001074504852294922,"VDD_CPU_GPU_CV_power_mw":2207.744,"_wandb":{"runtime":287},"train/inference_total_latency_ms":53.52902412414551,"train/accuracy":0.10076,"test/accuracy":0.9343,"test/inference_energy_per_sample_mj":0.007182299890136718,"VDD_IN_current_ma":1488,"validation/inference_total_energy_mj":70.83402539062499,"VDD_SOC_current_ma":528,"ram_usage_percent":65.80052493438319,"train/error":0.8992400020360947,"train/inference_total_energy_mj":355.6862336425781,"VDD_SOC_power_mw":2606.208,"validation/error":0.07239997386932373,"test/inference_total_energy_mj":71.82299890136719,"phase":"softmax","VDD_SOC_voltage_mv":4936,"test/f1_score":0.9334316130310899,"VDD_CPU_GPU_CV_voltage_mv":4928,"validation/f1_score":0.9266649179435118,"test/inference_total_latency_ms":10.745048522949219,"validation/inference_energy_per_sample_mj":0.007083402539062499,"train/inference_avg_power_mw":6644.736,"ram_total_mb":7620,"sample_val_accuracy":0.9140625,"validation/accuracy":0.9276,"ram_used_mb":5014,"gpu_usage_percent":33,"validation/inference_total_latency_ms":10.660171508789062,"test/inference_avg_power_mw":6684.288,"validation/inference_avg_power_mw":6644.736,"cpu_avg_percent":20.833333333333332,"_step":291}