{"validation/inference_total_energy_mj":85.95231811523436,"ram_usage_percent":67.45406824146981,"validation/inference_avg_power_mw":6644.736,"VDD_IN_voltage_mv":4944,"VDD_CPU_GPU_CV_current_ma":352,"test/error":0.059599995613098145,"train/accuracy":0.09978,"_runtime":757,"train/inference_total_energy_mj":423.19179492187504,"test/inference_energy_per_sample_mj":0.008570201000976562,"test/inference_total_energy_mj":85.70201000976562,"ram_used_mb":5140,"VDD_IN_current_ma":1344,"test/accuracy":0.9404,"test/inference_latency_per_sample_ms":0.0012897729873657226,"validation/accuracy":0.9369,"validation/inference_energy_per_sample_mj":0.008595231811523437,"validation/f1_score":0.9360798844931285,"train/inference_energy_per_sample_mj":0.0084638358984375,"gpu_usage_percent":0,"VDD_CPU_GPU_CV_power_mw":1737.472,"ram_total_mb":7620,"VDD_SOC_current_ma":504,"train/inference_latency_per_sample_ms":0.0012737655639648438,"validation/inference_total_latency_ms":12.935400009155273,"_step":1514,"cpu_avg_percent":17.333333333333332,"train/inference_total_latency_ms":63.68827819824219,"train/error":0.9002199992537498,"train/f1_score":0.0993238187135825,"phase":"softmax","validation/error":0.06309998035430908,"VDD_CPU_GPU_CV_voltage_mv":4936,"test/inference_avg_power_mw":6644.736,"sample_val_accuracy":0.94140625,"train/inference_avg_power_mw":6644.736,"VDD_IN_power_mw":6644.736,"VDD_SOC_voltage_mv":4944,"_timestamp":1.7639424852030597e+09,"validation/inference_latency_per_sample_ms":0.0012935400009155273,"test/f1_score":0.9396623308775723,"test/inference_total_latency_ms":12.897729873657227,"epoch":9,"_wandb":{"runtime":757},"VDD_SOC_power_mw":2491.776}