{"test/f1_score":0.9303718175573857,"VDD_SOC_voltage_mv":4936,"train/inference_energy_per_sample_mj":0.008016259658203125,"gpu_usage_percent":37,"train/inference_latency_per_sample_ms":0.00120640754699707,"phase":"softmax","VDD_SOC_current_ma":528,"validation/inference_energy_per_sample_mj":0.008222779687500001,"VDD_IN_power_mw":7238.016,"train/error":0.8999399989843369,"validation/error":0.0755000114440918,"_runtime":290,"ram_usage_percent":67.15223097112862,"_wandb":{"runtime":290},"test/accuracy":0.9312,"cpu_avg_percent":22.333333333333332,"train/accuracy":0.10006,"train/inference_total_energy_mj":400.8129829101563,"epoch":2,"test/inference_energy_per_sample_mj":0.00826840546875,"test/inference_total_energy_mj":82.6840546875,"VDD_IN_voltage_mv":4944,"validation/inference_total_energy_mj":82.227796875,"_step":577,"test/error":0.06879997253417969,"sample_val_accuracy":0.90234375,"validation/inference_latency_per_sample_ms":0.00123748779296875,"validation/inference_total_latency_ms":12.3748779296875,"validation/accuracy":0.9245,"validation/inference_avg_power_mw":6644.736,"validation/f1_score":0.9233988725600879,"test/inference_avg_power_mw":6644.736,"VDD_CPU_GPU_CV_current_ma":424,"train/inference_total_latency_ms":60.320377349853516,"_timestamp":1.7639384280734766e+09,"train/inference_avg_power_mw":6644.736,"VDD_SOC_power_mw":2606.208,"VDD_IN_current_ma":1464,"ram_total_mb":7620,"train/f1_score":0.09963575052504507,"test/inference_total_latency_ms":12.44354248046875,"VDD_CPU_GPU_CV_voltage_mv":4936,"test/inference_latency_per_sample_ms":0.0012443542480468752,"VDD_CPU_GPU_CV_power_mw":2092.864,"ram_used_mb":5117}