{"phase":"softmax","train/inference_avg_power_mw":6708.0192,"train/inference_latency_per_sample_ms":0.0011324834823608397,"gpu_usage_percent":31,"VDD_CPU_GPU_CV_voltage_mv":4936,"validation/error":0.07609999179840088,"test/inference_total_energy_mj":72.13467700195312,"train/accuracy":0.09856,"validation/inference_avg_power_mw":6644.736,"sample_val_accuracy":0.9296875,"test/f1_score":0.9271610625817474,"validation/inference_latency_per_sample_ms":0.0010822296142578125,"train/inference_total_latency_ms":56.62417411804199,"train/inference_total_energy_mj":379.47276470947264,"validation/inference_energy_per_sample_mj":0.007191130078125,"train/inference_energy_per_sample_mj":0.007589455294189455,"test/inference_avg_power_mw":6644.736,"VDD_SOC_current_ma":512,"epoch":2,"VDD_SOC_voltage_mv":4944,"VDD_IN_voltage_mv":4944,"_timestamp":1.763936018460577e+09,"cpu_avg_percent":17.166666666666668,"ram_total_mb":7620,"test/accuracy":0.9284,"validation/accuracy":0.9239,"_runtime":294,"VDD_CPU_GPU_CV_power_mw":1855.936,"train/f1_score":0.09826461934583522,"validation/inference_total_latency_ms":10.822296142578125,"_wandb":{"runtime":294},"test/inference_latency_per_sample_ms":0.0010855913162231446,"ram_usage_percent":64.4225721784777,"VDD_SOC_power_mw":2531.328,"VDD_IN_current_ma":1392,"ram_used_mb":4909,"validation/inference_total_energy_mj":71.91130078124999,"test/inference_total_latency_ms":10.855913162231445,"test/error":0.07160001993179321,"test/inference_energy_per_sample_mj":0.007213467700195313,"train/error":0.9014400020241737,"validation/f1_score":0.9221625207856862,"VDD_IN_power_mw":6882.048,"VDD_CPU_GPU_CV_current_ma":376,"_step":298}