{"validation/inference_energy_per_sample_mj":0.15161751130371093,"VDD_SOC_power_mw":2601.984,"train/inference_energy_per_sample_mj":0.17245853545532228,"VDD_CPU_GPU_CV_voltage_mv":4920,"test/f1_score":0.9405554608852331,"validation/f1_score":0.9385258138008158,"train/f1_score":0.09853841600247211,"validation/inference_avg_power_mw":7277.567999999999,"_step":1919,"ram_used_mb":4917,"train/inference_total_latency_ms":1055.837869644165,"train/inference_total_energy_mj":8622.926772766114,"VDD_CPU_GPU_CV_current_ma":776,"test/inference_latency_per_sample_ms":0.022129511833190917,"test/inference_energy_per_sample_mj":0.16630062588500977,"test/error":0.05879998207092285,"_wandb":{"runtime":962},"VDD_CPU_GPU_CV_power_mw":3817.92,"train/inference_latency_per_sample_ms":0.021116757392883302,"validation/inference_latency_per_sample_ms":0.020775890350341795,"test/inference_total_latency_ms":221.29511833190918,"ram_total_mb":7620,"validation/inference_total_energy_mj":1516.1751130371094,"test/inference_total_energy_mj":1663.0062588500978,"VDD_SOC_voltage_mv":4928,"VDD_SOC_current_ma":528,"validation/inference_total_latency_ms":207.75890350341797,"train/inference_avg_power_mw":8191.155199999999,"VDD_IN_power_mw":8949.248,"test/accuracy":0.9412,"epoch":9,"sample_val_accuracy":0.935546875,"final/test_accuracy":0.9412000179290771,"test/inference_avg_power_mw":7514.88,"VDD_IN_current_ma":1816,"cpu_avg_percent":100,"validation/accuracy":0.9395,"gpu_usage_percent":22,"_runtime":962,"phase":"softmax","train/accuracy":0.09902,"validation/error":0.06050002574920654,"train/error":0.9009800031781197,"final/val_accuracy_sample":0.9399999976158142,"final/train_accuracy_sample":0.0982000008225441,"_timestamp":1.763965635105375e+09,"VDD_IN_voltage_mv":4928,"ram_usage_percent":64.5275590551181}