{"sample_val_accuracy":0.919921875,"test/inference_energy_per_sample_mj":0.007787322418212891,"train/f1_score":0.09942774356593931,"validation/error":0.05940002202987671,"test/inference_avg_power_mw":6723.84,"_runtime":748,"validation/f1_score":0.9399771830510287,"validation/inference_total_latency_ms":11.705875396728516,"validation/inference_total_energy_mj":78.70843322753906,"_timestamp":1.7639407697503042e+09,"validation/accuracy":0.9406,"train/inference_total_latency_ms":57.125091552734375,"validation/inference_avg_power_mw":6723.84,"train/inference_avg_power_mw":6684.287999999999,"phase":"softmax","VDD_SOC_current_ma":504,"test/accuracy":0.9454,"gpu_usage_percent":0,"_step":1496,"train/inference_total_energy_mj":381.8405639648437,"epoch":9,"VDD_SOC_voltage_mv":4944,"cpu_avg_percent":18,"train/inference_latency_per_sample_ms":0.0011425018310546877,"ram_used_mb":5239,"ram_total_mb":7620,"VDD_IN_current_ma":1360,"test/inference_total_latency_ms":11.581659317016602,"test/f1_score":0.944714046294845,"VDD_IN_power_mw":6723.84,"train/error":0.900239996612072,"test/inference_latency_per_sample_ms":0.0011581659317016601,"test/error":0.05460000038146973,"VDD_SOC_power_mw":2491.776,"_wandb":{"runtime":748},"validation/inference_energy_per_sample_mj":0.007870843322753906,"ram_usage_percent":68.75328083989501,"train/inference_energy_per_sample_mj":0.007636811279296875,"test/inference_total_energy_mj":77.87322418212891,"VDD_IN_voltage_mv":4944,"train/accuracy":0.09976,"validation/inference_latency_per_sample_ms":0.0011705875396728516,"VDD_CPU_GPU_CV_current_ma":360,"VDD_CPU_GPU_CV_power_mw":1776.96,"VDD_CPU_GPU_CV_voltage_mv":4936}