{"gpu_usage_percent":0,"final/train_accuracy_sample":0.10639999806880951,"VDD_IN_voltage_mv":4944,"VDD_SOC_voltage_mv":4944,"phase":"softmax","sample_val_accuracy":0.92578125,"final/test_accuracy":0.9304999709129333,"VDD_CPU_GPU_CV_power_mw":2329.792,"_runtime":373,"VDD_SOC_power_mw":1384.32,"_timestamp":1.7639305292032056e+09,"ram_used_mb":4859,"VDD_IN_current_ma":1256,"ram_total_mb":7620,"VDD_IN_power_mw":6209.664,"VDD_CPU_GPU_CV_voltage_mv":4936,"epoch":2,"_wandb":{"runtime":373},"final/val_accuracy_sample":0.9275000095367432,"_step":372,"VDD_SOC_current_ma":280,"VDD_CPU_GPU_CV_current_ma":472,"cpu_avg_percent":79.83333333333333,"ram_usage_percent":63.76640419947507}