{"ram_usage_percent":70.72178477690288,"sample_val_accuracy":0.921875,"VDD_SOC_power_mw":2685.184,"ram_used_mb":5389,"test/inference_total_energy_mj":104.15510375976562,"epoch":9,"VDD_IN_current_ma":1584,"train/accuracy":0.09956,"cpu_avg_percent":46.166666666666664,"ram_total_mb":7620,"VDD_SOC_voltage_mv":4936,"validation/inference_total_latency_ms":16.277790069580078,"VDD_SOC_current_ma":544,"validation/inference_energy_per_sample_mj":0.010816161767578126,"_wandb":{"runtime":792},"train/inference_latency_per_sample_ms":0.0018475532531738285,"test/inference_avg_power_mw":6644.736,"train/inference_avg_power_mw":6842.496000000001,"VDD_CPU_GPU_CV_current_ma":504,"_timestamp":1.7639440852810223e+09,"validation/inference_latency_per_sample_ms":0.0016277790069580077,"VDD_CPU_GPU_CV_voltage_mv":4928,"validation/inference_avg_power_mw":6644.736,"test/inference_latency_per_sample_ms":0.0015674829483032227,"test/inference_total_latency_ms":15.674829483032227,"test/f1_score":0.938864751596886,"train/inference_energy_per_sample_mj":0.012641875744628907,"validation/f1_score":0.9295886716898577,"validation/inference_total_energy_mj":108.16161767578126,"_step":1582,"_runtime":792,"train/f1_score":0.09921237037967502,"validation/error":0.06950002908706665,"VDD_IN_voltage_mv":4936,"test/accuracy":0.9395,"test/inference_energy_per_sample_mj":0.010415510375976562,"train/inference_total_energy_mj":632.0937872314454,"gpu_usage_percent":59,"VDD_CPU_GPU_CV_power_mw":2483.712,"phase":"softmax","train/inference_total_latency_ms":92.3776626586914,"test/error":0.06050002574920654,"train/error":0.9004399999976158,"validation/accuracy":0.9305,"VDD_IN_power_mw":7818.624}