{"test/accuracy":0.9493,"ram_used_mb":5115,"test/f1_score":0.9486567009538451,"VDD_IN_power_mw":7514.88,"test/inference_total_energy_mj":517.3052969970703,"train/inference_total_latency_ms":486.53101921081543,"train/inference_total_energy_mj":3432.2984604492185,"VDD_SOC_power_mw":2610.432,"_timestamp":1.76396276610845e+09,"VDD_CPU_GPU_CV_voltage_mv":4936,"train/inference_latency_per_sample_ms":0.009730620384216309,"phase":"softmax","test/inference_latency_per_sample_ms":0.007772612571716309,"validation/error":0.05900001525878906,"test/error":0.05070000886917114,"VDD_IN_voltage_mv":4944,"gpu_usage_percent":41,"final/val_accuracy_sample":0.9409999847412109,"test/inference_avg_power_mw":6655.488,"sample_val_accuracy":0.939453125,"VDD_IN_current_ma":1520,"train/inference_avg_power_mw":7046.0672,"VDD_SOC_current_ma":528,"_runtime":820,"validation/inference_total_latency_ms":96.10986709594727,"train/error":0.8972200006246567,"VDD_CPU_GPU_CV_power_mw":2329.792,"test/inference_total_latency_ms":77.72612571716309,"train/f1_score":0.10245185662628734,"train/accuracy":0.10278,"validation/accuracy":0.941,"final/test_accuracy":0.9492999911308289,"final/train_accuracy_sample":0.10300000011920929,"_step":1641,"_wandb":{"runtime":820},"validation/inference_latency_per_sample_ms":0.009610986709594725,"VDD_CPU_GPU_CV_current_ma":472,"VDD_SOC_voltage_mv":4944,"validation/f1_score":0.9403024438303206,"epoch":9,"validation/inference_avg_power_mw":6774.336,"validation/inference_energy_per_sample_mj":0.06511731710510255,"cpu_avg_percent":35.666666666666664,"train/inference_energy_per_sample_mj":0.06864596920898439,"validation/inference_total_energy_mj":651.1731710510254,"ram_usage_percent":67.1259842519685,"ram_total_mb":7620,"test/inference_energy_per_sample_mj":0.051730529699707026}