{"_timestamp":1.7639448344267328e+09,"test/inference_latency_per_sample_ms":0.0011733531951904296,"train/accuracy":0.10006,"VDD_IN_power_mw":6605.184,"VDD_CPU_GPU_CV_power_mw":1740.288,"ram_usage_percent":68.56955380577428,"ram_used_mb":5225,"train/inference_latency_per_sample_ms":0.0011488103866577149,"VDD_CPU_GPU_CV_voltage_mv":4944,"sample_val_accuracy":0.9453125,"validation/inference_total_latency_ms":11.857986450195312,"validation/inference_total_energy_mj":78.32418237304688,"VDD_IN_voltage_mv":4944,"VDD_IN_current_ma":1336,"test/error":0.0493999719619751,"validation/inference_latency_per_sample_ms":0.0011857986450195313,"VDD_SOC_voltage_mv":4944,"test/f1_score":0.9502241157547076,"validation/inference_energy_per_sample_mj":0.007832418237304687,"cpu_avg_percent":16.833333333333332,"validation/error":0.05549997091293335,"_runtime":730,"VDD_SOC_current_ma":504,"train/inference_energy_per_sample_mj":0.007633541733398438,"phase":"softmax","test/inference_avg_power_mw":6644.736,"VDD_SOC_power_mw":2491.776,"train/error":0.8999399989843369,"validation/f1_score":0.9439036675627859,"validation/inference_avg_power_mw":6605.184,"_wandb":{"runtime":730},"VDD_CPU_GPU_CV_current_ma":352,"_step":1461,"train/f1_score":0.09984294872851103,"test/inference_energy_per_sample_mj":0.007796622216796875,"validation/accuracy":0.9445,"epoch":9,"train/inference_total_latency_ms":57.44051933288574,"train/inference_avg_power_mw":6644.736,"train/inference_total_energy_mj":381.6770866699219,"test/inference_total_energy_mj":77.96622216796875,"ram_total_mb":7620,"test/accuracy":0.9506,"test/inference_total_latency_ms":11.733531951904297,"gpu_usage_percent":0}