{"test/inference_total_energy_mj":74.37763339233399,"ram_usage_percent":69.08136482939634,"_wandb":{"runtime":278},"_step":554,"VDD_IN_voltage_mv":4944,"_timestamp":1.7639393538263202e+09,"phase":"softmax","ram_total_mb":7620,"validation/accuracy":0.9276,"train/inference_energy_per_sample_mj":0.00700267025390625,"test/inference_latency_per_sample_ms":0.0011127233505249024,"cpu_avg_percent":26,"test/inference_total_latency_ms":11.127233505249023,"validation/inference_energy_per_sample_mj":0.007363810986328125,"VDD_CPU_GPU_CV_power_mw":2211.328,"VDD_IN_power_mw":7356.672,"test/error":0.0656999945640564,"test/accuracy":0.9343,"validation/inference_total_latency_ms":11.082172393798828,"train/accuracy":0.10076,"validation/inference_latency_per_sample_ms":0.001108217239379883,"epoch":2,"VDD_CPU_GPU_CV_current_ma":448,"VDD_IN_current_ma":1488,"VDD_CPU_GPU_CV_voltage_mv":4936,"ram_used_mb":5264,"test/inference_energy_per_sample_mj":0.007437763339233398,"sample_val_accuracy":0.9140625,"validation/error":0.07239997386932373,"_runtime":278,"VDD_SOC_voltage_mv":4936,"train/f1_score":0.10033538928244597,"validation/f1_score":0.9266649179435118,"train/inference_avg_power_mw":6644.736,"train/error":0.8992400020360947,"VDD_SOC_power_mw":2606.208,"validation/inference_avg_power_mw":6644.736,"validation/inference_total_energy_mj":73.63810986328124,"train/inference_total_latency_ms":52.69336700439453,"train/inference_total_energy_mj":350.13351269531245,"test/inference_avg_power_mw":6684.288,"VDD_SOC_current_ma":528,"gpu_usage_percent":41,"train/inference_latency_per_sample_ms":0.0010538673400878908,"test/f1_score":0.9334316130310899}