{"VDD_IN_power_mw":7277.568,"ram_total_mb":7620,"test/inference_avg_power_mw":6723.84,"validation/inference_avg_power_mw":6644.736,"epoch":2,"train/inference_total_energy_mj":476.434546875,"_runtime":296,"ram_usage_percent":68.03149606299212,"phase":"softmax","train/inference_total_latency_ms":71.7010498046875,"sample_val_accuracy":0.916015625,"VDD_SOC_voltage_mv":4936,"validation/accuracy":0.9217,"ram_used_mb":5184,"_timestamp":1.7639387401684644e+09,"train/error":0.9007000029087067,"_step":589,"gpu_usage_percent":41,"validation/inference_total_energy_mj":91.21829370117187,"VDD_CPU_GPU_CV_current_ma":432,"train/accuracy":0.0993,"test/accuracy":0.9233,"validation/inference_latency_per_sample_ms":0.0013727903366088866,"validation/error":0.07829999923706055,"VDD_CPU_GPU_CV_voltage_mv":4936,"test/inference_energy_per_sample_mj":0.009230582885742187,"train/f1_score":0.09892389124233608,"test/inference_latency_per_sample_ms":0.0013728141784667969,"VDD_CPU_GPU_CV_power_mw":2132.352,"test/error":0.07669997215270996,"VDD_IN_current_ma":1472,"_wandb":{"runtime":296},"test/inference_total_energy_mj":92.30582885742187,"VDD_SOC_power_mw":2606.208,"train/inference_avg_power_mw":6644.736,"validation/inference_energy_per_sample_mj":0.009121829370117188,"cpu_avg_percent":23,"VDD_IN_voltage_mv":4944,"test/f1_score":0.9222962417577281,"validation/inference_total_latency_ms":13.727903366088867,"train/inference_energy_per_sample_mj":0.009528690937499997,"test/inference_total_latency_ms":13.728141784667969,"VDD_SOC_current_ma":528,"validation/f1_score":0.9204050772836488,"train/inference_latency_per_sample_ms":0.00143402099609375}