{"train/inference_avg_power_mw":7358.8992,"ram_usage_percent":67.92650918635171,"epoch":9,"gpu_usage_percent":0,"VDD_IN_current_ma":1440,"_runtime":955,"VDD_SOC_current_ma":520,"ram_used_mb":5176,"train/accuracy":0.0998,"validation/accuracy":0.9277,"validation/inference_latency_per_sample_ms":0.013739371299743654,"VDD_SOC_voltage_mv":4944,"test/inference_total_latency_ms":102.37669944763184,"phase":"softmax","validation/inference_energy_per_sample_mj":0.09602331201019287,"validation/f1_score":0.9265664884728876,"cpu_avg_percent":23.333333333333332,"train/inference_total_latency_ms":523.179292678833,"test/f1_score":0.9373043865440953,"train/f1_score":0.09946118574879033,"test/error":0.06199997663497925,"sample_val_accuracy":0.923828125,"VDD_CPU_GPU_CV_voltage_mv":4936,"train/error":0.9002000018954277,"VDD_IN_voltage_mv":4944,"VDD_CPU_GPU_CV_power_mw":2053.376,"train/inference_total_energy_mj":3848.225686065674,"train/inference_latency_per_sample_ms":0.01046358585357666,"ram_total_mb":7620,"VDD_SOC_power_mw":2570.88,"VDD_IN_power_mw":7119.36,"_timestamp":1.763961167689562e+09,"validation/inference_total_energy_mj":960.2331201019288,"validation/error":0.0723000168800354,"test/inference_total_energy_mj":681.3668946533203,"final/val_accuracy_sample":0.9229999780654907,"test/inference_energy_per_sample_mj":0.06813668946533204,"test/inference_avg_power_mw":6655.488,"_wandb":{"runtime":955},"_step":1906,"final/train_accuracy_sample":0.10580000281333923,"test/accuracy":0.938,"test/inference_latency_per_sample_ms":0.010237669944763184,"validation/inference_avg_power_mw":6946.72,"final/test_accuracy":0.9380000233650208,"VDD_CPU_GPU_CV_current_ma":416,"train/inference_energy_per_sample_mj":0.07696451372131348,"validation/inference_total_latency_ms":137.39371299743652}