{"VDD_SOC_power_mw":1305.216,"VDD_IN_power_mw":5695.488,"Test Loss":0.09674228833913803,"gradients/fc1.weight":{"_type":"histogram","values":[1,0,0,0,0,0,0,0,0,0,2,1,0,0,4,2,3,3,5,3,6,5,16,11,12,22,39,43,44,72,91,148,252,492,1192,9866,1315,642,428,288,247,184,119,107,70,56,42,47,33,25,19,8,9,6,3,6,2,3,1,3,0,0,0,2],"bins":[-0.2514466643333435,-0.24438287317752838,-0.23731909692287445,-0.23025530576705933,-0.2231915146112442,-0.21612773835659027,-0.20906394720077515,-0.20200015604496002,-0.1949363648891449,-0.18787258863449097,-0.18080879747867584,-0.17374500632286072,-0.1666812300682068,-0.15961743891239166,-0.15255364775657654,-0.1454898715019226,-0.13842608034610748,-0.13136228919029236,-0.12429850548505783,-0.1172347217798233,-0.11017093062400818,-0.10310714691877365,-0.09604336321353912,-0.088979572057724,-0.08191578835248947,-0.07485200464725494,-0.06778821349143982,-0.06072442978620529,-0.053660642355680466,-0.04659685492515564,-0.03953307121992111,-0.032469283789396286,-0.02540549635887146,-0.018341708928346634,-0.011277923360466957,-0.004214136861264706,0.0028496496379375458,0.009913436137139797,0.01697722263634205,0.024041008204221725,0.03110479563474655,0.03816858306527138,0.045232370495796204,0.05229615420103073,0.05935994163155556,0.06642372906208038,0.07348751276731491,0.08055130392313004,0.08761508762836456,0.09467887133359909,0.10174266248941422,0.10880644619464874,0.11587023735046387,0.1229340210556984,0.12999780476093292,0.13706159591674805,0.14412537217140198,0.1511891633272171,0.15825295448303223,0.16531674563884735,0.17238052189350128,0.1794443130493164,0.18650810420513153,0.19357188045978546,0.20063567161560059]},"ram_used_mb":4880,"ram_total_mb":7620,"VDD_IN_current_ma":1152,"cpu_avg_percent":64,"gradients/fc1.bias":{"_type":"histogram","values":[1,0,0,1,0,0,0,0,0,1,0,0,0,0,3,0,3,2,3,0,1,0,1,1,0,5,2,3,0,0,1,0,2,1,0,3,0,1,0,1,1,2,0,1,1,0,0,0,0,2,0,0,0,1,0,1,0,0,1,1,1,1,0,1],"bins":[-0.009767861105501652,-0.009401382878422737,-0.009034904651343822,-0.008668426424264908,-0.008301949128508568,-0.007935470901429653,-0.0075689926743507385,-0.007202514447271824,-0.006836036220192909,-0.006469557993113995,-0.00610307976603508,-0.005736602004617453,-0.005370123777538538,-0.005003645550459623,-0.004637167789041996,-0.004270689561963081,-0.0039042113348841667,-0.003537733107805252,-0.003171255113556981,-0.00280477711930871,-0.0024382988922297955,-0.002071820665150881,-0.0017053426709026098,-0.001338864560239017,-0.0009723864495754242,-0.0006059083389118314,-0.00023943022824823856,0.00012704788241535425,0.0004935259930789471,0.0008600041037425399,0.0012264822144061327,0.0015929603250697255,0.0019594375044107437,0.0023259157314896584,0.0026923937257379293,0.0030588717199862003,0.003425349947065115,0.0037918281741440296,0.004158305935561657,0.004524784162640572,0.004891262389719486,0.005257740616798401,0.0056242188438773155,0.005990696605294943,0.0063571748323738575,0.006723653059452772,0.0070901308208703995,0.007456609047949314,0.007823087275028229,0.008189565502107143,0.008556043729186058,0.008922521956264973,0.009289000183343887,0.009655477479100227,0.010021955706179142,0.010388433933258057,0.010754912160336971,0.011121390387415886,0.0114878686144948,0.011854346841573715,0.012220824137330055,0.01258730236440897,0.012953780591487885,0.0133202588185668,0.013686737045645714]},"_runtime":162,"gradients/fc2.weight":{"values":[1,0,0,0,0,2,0,0,2,0,1,4,1,4,0,2,0,3,2,2,2,5,2,4,3,7,10,11,11,20,102,179,29,29,18,4,8,8,3,0,1,1,3,2,1,1,1,1,2,0,1,2,1,0,1,0,1,1,0,0,0,0,0,1],"bins":[-0.23480412364006042,-0.2272147685289383,-0.21962542831897736,-0.21203607320785522,-0.2044467329978943,-0.19685737788677216,-0.18926802277565002,-0.1816786825656891,-0.17408932745456696,-0.16649997234344482,-0.1589106321334839,-0.15132127702236176,-0.14373192191123962,-0.1361425817012787,-0.12855322659015656,-0.12096387892961502,-0.11337453126907349,-0.10578518360853195,-0.09819583594799042,-0.09060648083686829,-0.08301713317632675,-0.07542778551578522,-0.06783843040466309,-0.06024908274412155,-0.05265973508358002,-0.04507038742303848,-0.03748103603720665,-0.029891686514019966,-0.022302336990833282,-0.014712987467646599,-0.007123637944459915,0.0004657115787267685,0.008055061101913452,0.015644410625100136,0.02323376014828682,0.030823109671473503,0.03841245919466019,0.04600180685520172,0.053591158241033554,0.06118050962686539,0.06876985728740692,0.07635920494794846,0.08394855260848999,0.09153790771961212,0.09912725538015366,0.10671660304069519,0.11430595815181732,0.12189530581235886,0.1294846534729004,0.13707400858402252,0.14466334879398346,0.1522527039051056,0.15984204411506653,0.16743139922618866,0.1750207543373108,0.18261009454727173,0.19019944965839386,0.197788804769516,0.20537814497947693,0.21296750009059906,0.2205568552017212,0.22814619541168213,0.23573555052280426,0.2433248907327652,0.25091424584388733],"_type":"histogram"},"gradients/fc2.bias":{"bins":[-0.020312964916229248,-0.019774189218878746,-0.019235411658883095,-0.018696635961532593,-0.01815785840153694,-0.01761908270418644,-0.017080307006835938,-0.016541529446840286,-0.016002753749489784,-0.015463977120816708,-0.014925200492143631,-0.014386424794793129,-0.013847648166120052,-0.013308871537446976,-0.012770095840096474,-0.012231319211423397,-0.01169254258275032,-0.011153765954077244,-0.010614989325404167,-0.010076213628053665,-0.009537436999380589,-0.008998660370707512,-0.00845988467335701,-0.007921108044683933,-0.007382331416010857,-0.00684355478733778,-0.006304778624325991,-0.005766002461314201,-0.005227225832641125,-0.004688449203968048,-0.004149673040956259,-0.003610896645113826,-0.0030721183866262436,-0.0025333419907838106,-0.0019945655949413776,-0.0014557891990989447,-0.0009170128032565117,-0.0003782364074140787,0.00016053998842835426,0.0006993163842707872,0.0012380927801132202,0.0017768691759556532,0.002315645571798086,0.002854421967640519,0.003393198363482952,0.003931974992156029,0.004470751155167818,0.005009527318179607,0.005548303946852684,0.006087080575525761,0.00662585673853755,0.007164632901549339,0.007703409530222416,0.008242186158895493,0.008780961856245995,0.009319738484919071,0.009858515113592148,0.010397291742265224,0.010936068370938301,0.011474844068288803,0.01201362069696188,0.012552397325634956,0.013091173022985458,0.013629949651658535,0.014168726280331612],"_type":"histogram","values":[1,1,0,0,0,0,0,0,0,0,0,0,0,0,0,1,0,0,0,0,0,0,0,0,0,0,0,0,0,0,0,0,0,0,0,1,0,0,1,0,0,0,0,0,0,1,0,0,0,0,0,0,0,0,0,0,0,0,1,2,0,0,0,1]},"gradients/conv1.bias":{"values":[1,0,0,1,0,1,0,0,0,0,1,1,2,0,0,0,0,0,0,0,0,0,0,1,0,0,0,0,0,0,0,0,0,0,0,0,0,1,0,0,0,0,0,0,0,0,0,0,0,0,0,0,0,0,0,0,0,0,0,0,0,0,0,1],