{"gradients/conv2.bias":{"values":[1,0,0,0,0,1,0,0,0,0,0,2,0,1,0,1,1,0,0,1,0,0,0,0,0,0,0,1,1,0,1,0,0,0,0,3,0,0,2,0,0,0,0,0,0,0,0,0,0,0,1,0,0,0,0,0,1,0,1,0,0,0,0,1],"bins":[-0.0081088338047266,-0.007893678732216358,-0.007678523194044828,-0.007463368121534586,-0.0072482130490243435,-0.007033057510852814,-0.006817902438342571,-0.006602747365832329,-0.006387592293322086,-0.006172437220811844,-0.005957281682640314,-0.005742126610130072,-0.005526971071958542,-0.005311815999448299,-0.005096660926938057,-0.0048815058544278145,-0.004666350781917572,-0.004451195243746042,-0.0042360401712358,-0.004020885098725557,-0.0038057295605540276,-0.003590574488043785,-0.0033754194155335426,-0.0031602643430233,-0.0029451088048517704,-0.002729953732341528,-0.0025147986598312855,-0.0022996431216597557,-0.0020844880491495132,-0.0018693329766392708,-0.0016541779041290283,-0.0014390223659574986,-0.001223867293447256,-0.0010087122209370136,-0.0007935566827654839,-0.0005784016102552414,-0.00036324653774499893,-0.00014809146523475647,6.70640729367733e-05,0.00028221914544701576,0.0004973742179572582,0.000712529756128788,0.0009276848286390305,0.001142839901149273,0.0013579949736595154,0.0015731505118310452,0.0017883055843412876,0.00200346065685153,0.002218615962192416,0.0024337712675333023,0.0026489263400435448,0.002864081645384431,0.0030792367178946733,0.0032943920232355595,0.003509547095745802,0.003724702401086688,0.003939857706427574,0.004155012778937817,0.004370167851448059,0.0045853229239583015,0.004800478462129831,0.005015633534640074,0.005230788607150316,0.005445944145321846,0.0056610992178320885],"_type":"histogram"},"gradients/conv1.bias":{"values":[1,0,0,0,0,0,0,0,0,1,0,0,0,0,1,0,0,0,0,0,0,0,0,0,0,0,0,0,0,0,0,0,1,0,0,0,0,0,0,0,0,1,1,0,0,0,0,0,0,0,0,0,1,0,0,0,0,0,0,0,1,0,0,2],"bins":[-0.012341096997261047,-0.011950155720114708,-0.011559213511645794,-0.011168272234499454,-0.01077733002603054,-0.010386388748884201,-0.009995447471737862,-0.009604506194591522,-0.009213563986122608,-0.008822621777653694,-0.008431680500507355,-0.008040739223361015,-0.007649797480553389,-0.007258855737745762,-0.0068679144605994225,-0.006476972717791796,-0.006086030974984169,-0.005695089232176542,-0.0053041474893689156,-0.004913206212222576,-0.004522264003753662,-0.004131322726607323,-0.0037403814494609833,-0.0033494392409920692,-0.00295849796384573,-0.0025675566866993904,-0.0021766144782304764,-0.001785673201084137,-0.0013947319239377975,-0.0010037897154688835,-0.0006128484383225441,-0.00022190622985363007,0.00016903504729270935,0.0005599763244390488,0.0009509185329079628,0.0013418598100543022,0.0017328020185232162,0.0021237432956695557,0.002514684572815895,0.002905626781284809,0.0032965680584311485,0.003687509335577488,0.004078451544046402,0.004469392821192741,0.004860334098339081,0.005251276306807995,0.005642217583954334,0.006033159326761961,0.006424101069569588,0.006815042812377214,0.007205984555184841,0.007596925832331181,0.007987868040800095,0.008378809317946434,0.008769750595092773,0.009160691872239113,0.009551634080708027,0.009942576289176941,0.01033351756632328,0.01072445884346962,0.01111540012061596,0.011506342329084873,0.011897283606231213,0.012288225814700127,0.012679167091846466],"_type":"histogram"},"gradients/conv2.weight":{"bins":[-0.08700229227542877,-0.08446665108203888,-0.08193100243806839,-0.0793953612446785,-0.0768597200512886,-0.07432407140731812,-0.07178843021392822,-0.06925278902053833,-0.06671714037656784,-0.06418149918317795,-0.06164585426449776,-0.059110209345817566,-0.05657456815242767,-0.05403892323374748,-0.05150327831506729,-0.0489676371216774,-0.04643199220299721,-0.04389634728431702,-0.041360706090927124,-0.03882506117224693,-0.03628941625356674,-0.03375377506017685,-0.03121813014149666,-0.028682485222816467,-0.026146844029426575,-0.023611195385456085,-0.021075554192066193,-0.0185399129986763,-0.01600426435470581,-0.013468623161315918,-0.010932981967926025,-0.008397333323955536,-0.005861692130565643,-0.0033260509371757507,-0.0007904022932052612,0.0017452389001846313,0.004280880093574524,0.006816528737545013,0.009352169930934906,0.011887811124324799,0.014423459768295288,0.01695910096168518,0.01949474588036537,0.022030390799045563,0.024566031992435455,0.027101676911115646,0.029637321829795837,0.03217296302318573,0.03470860794186592,0.03724425286054611,0.039779894053936005,0.042315538972616196,0.04485118389129639,0.04738682508468628,0.04992247000336647,0.05245811492204666,0.054993756115436554,0.057529401034116745,0.060065045952796936,0.06260068714618683,0.06513633579015732,0.06767197698354721,0.0702076181769371,0.07274326682090759,0.07527890801429749],"_type":"histogram","values":[1,1,0,0,0,0,0,2,1,1,1,0,3,3,10,1,5,6,7,8,16,19,16,27,38,49,54,85,125,183,237,387,610,898,846,506,257,168,125,76,63,36,36,17,12,13,8,9,3,14,3,0,3,1,1,2,2,0,1,1,0,2,0,1]},"_step":2,"gradients/fc2.weight":{"values":[1,0,0,0,1,3,1,0,1,1,2,1,3,2,4,0,3,5,4,3,7,5,9,3,10,17,26,149,105,51,28,8,11,7,5,2,5,1,3,2,1,1,1,2,2,0,0,0,0,0,0,1,1,0,0,0,0,0,0,1,0,0,0,1],"bins":[-0.12706588208675385,-0.12248465418815613,-0.11790342628955841,-0.11332220584154129,-0.10874097794294357,-0.10415975004434586,-0.09957852959632874,-0.09499730169773102,-0.0904160737991333,-0.08583484590053558,-0.08125361800193787,-0.07667239755392075,-0.07209116965532303,-0.06750994175672531,-0.06292872130870819,-0.058347493410110474,-0.053766265511512756,-0.04918503761291504,-0.04460380971431732,-0.0400225892663002,-0.035441361367702484,-0.030860133469104767,-0.026278913021087646,-0.02169768512248993,-0.017116457223892212,-0.012535229325294495,-0.007954001426696777,-0.003372780978679657,0.0012084394693374634,0.005789667367935181,0.010370895266532898,0.014952123165130615,0.019533365964889526,0.024114593863487244,0.02869582176208496,0.03327704966068268,0.037858277559280396,0.042439498007297516,0.047020718455314636,0.051601946353912354,0.05618317425251007,0.06076440215110779,0.0653456300497055,0.06992685049772263,0.07450807839632034,0.07908930629491806,0.08367052674293518,0.0882517546415329,0.09283298254013062,0.09741421043872833,0.10199543833732605,0.10657665878534317,0.11115788668394089,0.1157391145825386,0.12032033503055573,0.12490156292915344,0.12948279082775116,0.13406401872634888,0.1386452466249466,0.1432264745235443,0.14780768752098083,0.15238891541957855,0.15697014331817627,0.161551371216774,0.1661325991153717],"_type":"histogram"},"_timestamp":1.7635653392973318e+09,"gradients/conv1.weight":{"_type":"histogram","values":[1,0,0,1,1,1,0,0,0,2,0,1,0,1,1,1,0,4,4,3,3,1,4,1,0,3,2,5,8,3,5,8,4,6,13,5,11,11,8,10,11,10,10,8,7,13,9,9,8,2,3,5,4,5,1,2,1,1,0,2,3,0,2,2],