{"final/val_accuracy_sample":0.9465000033378601,"train/inference_total_latency_ms":3259.442090988159,"validation/inference_total_latency_ms":602.4472713470459,"VDD_CPU_GPU_CV_power_mw":4040.896,"_wandb":{"runtime":1899},"VDD_CPU_GPU_CV_voltage_mv":4904,"VDD_SOC_current_ma":552,"cpu_avg_percent":100,"validation/accuracy":0.9419,"epoch":9,"test/error":0.05449998378753662,"validation/inference_latency_per_sample_ms":0.06024472713470459,"VDD_SOC_power_mw":2715.84,"test/f1_score":0.9450793111423896,"train/inference_energy_per_sample_mj":0.6047034077316285,"_runtime":1899,"train/error":0.901419997215271,"VDD_SOC_voltage_mv":4920,"test/inference_avg_power_mw":7910.4,"test/inference_energy_per_sample_mj":0.48880895915527345,"validation/error":0.058099985122680664,"test/accuracy":0.9455,"_timestamp":1.7639709771234689e+09,"VDD_IN_voltage_mv":4920,"validation/inference_energy_per_sample_mj":0.4689457714538574,"sample_val_accuracy":0.947265625,"final/test_accuracy":0.9455000162124634,"VDD_IN_power_mw":9525.12,"final/train_accuracy_sample":0.10320000350475311,"train/inference_total_energy_mj":30235.17038658142,"test/inference_total_latency_ms":619.0447807312012,"test/inference_total_energy_mj":4888.089591552734,"train/accuracy":0.09858,"VDD_IN_current_ma":1936,"ram_used_mb":5091,"validation/inference_total_energy_mj":4689.457714538574,"ram_usage_percent":66.81102362204724,"validation/inference_avg_power_mw":7831.52,"validation/f1_score":0.9414037979746229,"train/f1_score":0.09823302294036154,"VDD_CPU_GPU_CV_current_ma":824,"train/inference_latency_per_sample_ms":0.06518884181976317,"gpu_usage_percent":8,"_step":3768,"test/inference_latency_per_sample_ms":0.06190447807312011,"ram_total_mb":7620,"train/inference_avg_power_mw":9259.967999999999,"phase":"softmax"}