{"validation/inference_total_energy_mj":375.71902111816405,"VDD_CPU_GPU_CV_voltage_mv":4936,"validation/f1_score":0.9399771830510287,"validation/error":0.05940002202987671,"VDD_IN_power_mw":7238.016,"train/error":0.900239996612072,"final/train_accuracy_sample":0.09939999878406525,"VDD_CPU_GPU_CV_power_mw":2132.352,"_timestamp":1.763958578573062e+09,"gpu_usage_percent":19,"test/inference_energy_per_sample_mj":0.04827592485351563,"VDD_SOC_power_mw":2570.88,"train/inference_total_latency_ms":505.62286376953125,"phase":"softmax","test/f1_score":0.944714046294845,"VDD_SOC_voltage_mv":4944,"validation/inference_total_latency_ms":56.45251274108887,"VDD_CPU_GPU_CV_current_ma":432,"VDD_SOC_current_ma":520,"_wandb":{"runtime":781},"test/inference_total_energy_mj":482.75924853515625,"test/accuracy":0.9454,"VDD_IN_current_ma":1464,"train/f1_score":0.09942774356593931,"ram_used_mb":5124,"_runtime":781,"_step":1562,"validation/inference_energy_per_sample_mj":0.03757190211181641,"final/test_accuracy":0.9453999996185303,"test/inference_avg_power_mw":6655.488,"cpu_avg_percent":28.166666666666668,"ram_total_mb":7620,"sample_val_accuracy":0.919921875,"test/inference_total_latency_ms":72.53551483154297,"train/inference_avg_power_mw":7245.1776,"validation/accuracy":0.9406,"epoch":9,"final/val_accuracy_sample":0.9330000281333923,"ram_usage_percent":67.24409448818898,"train/accuracy":0.09976,"validation/inference_avg_power_mw":6655.488,"train/inference_total_energy_mj":3675.014732391358,"test/error":0.05460000038146973,"test/inference_latency_per_sample_ms":0.0072535514831542965,"train/inference_latency_per_sample_ms":0.010112457275390625,"validation/inference_latency_per_sample_ms":0.005645251274108887,"train/inference_energy_per_sample_mj":0.07350029464782715,"VDD_IN_voltage_mv":4944}