{"test/inference_total_latency_ms":22.698640823364258,"validation/inference_energy_per_sample_mj":0.016896381205749513,"train/error":0.9013999998569489,"cpu_avg_percent":28,"_wandb":{"runtime":790},"validation/inference_total_latency_ms":25.539159774780273,"_runtime":790,"validation/inference_total_energy_mj":168.96381205749512,"train/inference_avg_power_mw":6963.539200000001,"ram_total_mb":7620,"train/inference_energy_per_sample_mj":0.012433176006469728,"validation/f1_score":0.939516394576191,"validation/inference_latency_per_sample_ms":0.0025539159774780273,"train/inference_total_latency_ms":90.0728702545166,"epoch":9,"VDD_IN_voltage_mv":4944,"VDD_CPU_GPU_CV_current_ma":544,"VDD_IN_power_mw":8187.264,"validation/accuracy":0.9402,"VDD_CPU_GPU_CV_voltage_mv":4928,"test/inference_total_energy_mj":150.17130226135254,"train/inference_latency_per_sample_ms":0.0018014574050903322,"sample_val_accuracy":0.9375,"train/accuracy":0.0986,"_step":1581,"VDD_SOC_voltage_mv":4936,"test/f1_score":0.9457135417395781,"train/f1_score":0.09829799872079008,"validation/inference_avg_power_mw":6615.872,"VDD_SOC_current_ma":560,"phase":"softmax","ram_used_mb":5342,"test/inference_energy_per_sample_mj":0.015017130226135255,"validation/error":0.059800028800964355,"VDD_IN_current_ma":1656,"VDD_CPU_GPU_CV_power_mw":2680.832,"VDD_SOC_power_mw":2764.16,"test/inference_avg_power_mw":6615.872,"gpu_usage_percent":42,"ram_usage_percent":70.10498687664042,"_timestamp":1.7639502626126807e+09,"test/inference_latency_per_sample_ms":0.0022698640823364258,"test/accuracy":0.9464,"test/error":0.053600013256073,"train/inference_total_energy_mj":621.6588003234864}