{"validation/inference_latency_per_sample_ms":0.001180577278137207,"VDD_SOC_current_ma":504,"VDD_CPU_GPU_CV_current_ma":352,"gpu_usage_percent":0,"validation/inference_total_energy_mj":78.44624340820312,"VDD_SOC_voltage_mv":4944,"train/error":0.900239996612072,"train/inference_avg_power_mw":6644.736,"train/inference_total_energy_mj":385.3033857421876,"validation/error":0.05940002202987671,"_step":1519,"test/inference_total_energy_mj":77.61927612304687,"sample_val_accuracy":0.919921875,"VDD_CPU_GPU_CV_voltage_mv":4936,"train/inference_energy_per_sample_mj":0.007706067714843749,"VDD_CPU_GPU_CV_power_mw":1737.472,"validation/f1_score":0.9399771830510287,"test/inference_energy_per_sample_mj":0.007761927612304688,"test/accuracy":0.9454,"test/inference_total_latency_ms":11.681318283081055,"VDD_SOC_power_mw":2491.776,"ram_total_mb":7620,"train/inference_total_latency_ms":57.98625946044922,"test/error":0.05460000038146973,"test/inference_avg_power_mw":6644.736,"ram_usage_percent":68.87139107611549,"validation/inference_avg_power_mw":6644.736,"ram_used_mb":5248,"_runtime":759,"VDD_IN_voltage_mv":4944,"_wandb":{"runtime":759},"cpu_avg_percent":16.666666666666668,"train/f1_score":0.09942774356593931,"validation/inference_energy_per_sample_mj":0.007844624340820313,"_timestamp":1.7639417121189144e+09,"train/inference_latency_per_sample_ms":0.0011597251892089843,"validation/inference_total_latency_ms":11.80577278137207,"phase":"softmax","train/accuracy":0.09976,"VDD_IN_current_ma":1344,"VDD_IN_power_mw":6644.736,"epoch":9,"test/f1_score":0.944714046294845,"test/inference_latency_per_sample_ms":0.0011681318283081055,"validation/accuracy":0.9406}