{"VDD_CPU_GPU_CV_current_ma":352,"validation/inference_total_latency_ms":12.929439544677734,"VDD_IN_power_mw":6655.488,"gpu_usage_percent":0,"train/accuracy":0.1025,"test/f1_score":0.9481825253252275,"train/inference_total_latency_ms":64.47005271911621,"VDD_SOC_current_ma":504,"VDD_IN_voltage_mv":4952,"VDD_CPU_GPU_CV_power_mw":1740.288,"test/inference_total_energy_mj":86.86258044433595,"train/inference_energy_per_sample_mj":0.008822721557006835,"ram_total_mb":7620,"_wandb":{"runtime":731},"VDD_SOC_power_mw":2491.776,"test/error":0.05110001564025879,"validation/inference_energy_per_sample_mj":0.008605172973632813,"test/inference_latency_per_sample_ms":0.0013051271438598634,"train/inference_avg_power_mw":6842.496000000001,"test/inference_avg_power_mw":6655.488,"ram_usage_percent":68.64829396325459,"epoch":9,"train/inference_total_energy_mj":441.13607785034174,"train/error":0.8975000008940697,"validation/error":0.058600008487701416,"phase":"softmax","validation/inference_total_energy_mj":86.05172973632813,"test/accuracy":0.9489,"test/inference_total_latency_ms":13.051271438598633,"ram_used_mb":5231,"_runtime":731,"validation/f1_score":0.9406517202573472,"train/inference_latency_per_sample_ms":0.0012894010543823245,"VDD_IN_current_ma":1344,"sample_val_accuracy":0.939453125,"VDD_CPU_GPU_CV_voltage_mv":4944,"validation/inference_avg_power_mw":6655.488,"cpu_avg_percent":17.166666666666668,"_step":1462,"validation/inference_latency_per_sample_ms":0.0012929439544677734,"test/inference_energy_per_sample_mj":0.008686258044433594,"validation/accuracy":0.9414,"_timestamp":1.7639455832155526e+09,"train/f1_score":0.10215879070641865,"VDD_SOC_voltage_mv":4944}