{"sample_val_accuracy":0.92578125,"test/inference_energy_per_sample_mj":0.07724645434570312,"VDD_SOC_power_mw":1384.32,"phase":"softmax","VDD_IN_power_mw":6446.976,"gpu_usage_percent":59,"_timestamp":1.7639321438270397e+09,"VDD_IN_current_ma":1304,"test/inference_total_latency_ms":139.50252532958984,"final/train_accuracy_sample":0.10639999806880951,"train/inference_latency_per_sample_ms":0.020620145797729496,"ram_total_mb":7620,"train/inference_total_energy_mj":6499.969342163086,"ram_used_mb":5043,"train/f1_score":0.10040383512169879,"final/val_accuracy_sample":0.9275000095367432,"train/error":0.8993799984455109,"_step":374,"validation/inference_total_energy_mj":684.3795331420899,"cpu_avg_percent":78.16666666666667,"validation/f1_score":0.9237391379450063,"_wandb":{"runtime":372},"test/error":0.06950002908706665,"train/accuracy":0.10062,"validation/inference_energy_per_sample_mj":0.06843795331420899,"test/inference_avg_power_mw":5537.28,"validation/inference_avg_power_mw":5576.832,"epoch":2,"test/accuracy":0.9305,"test/inference_total_energy_mj":772.4645434570311,"test/f1_score":0.9295223615508427,"VDD_CPU_GPU_CV_voltage_mv":4936,"validation/inference_total_latency_ms":122.71833419799805,"VDD_SOC_voltage_mv":4944,"VDD_CPU_GPU_CV_current_ma":456,"ram_usage_percent":66.18110236220473,"test/inference_latency_per_sample_ms":0.013950252532958986,"train/inference_total_latency_ms":1031.0072898864746,"VDD_SOC_current_ma":280,"validation/inference_latency_per_sample_ms":0.012271833419799805,"final/test_accuracy":0.9304999709129333,"_runtime":372,"VDD_CPU_GPU_CV_power_mw":2250.816,"train/inference_energy_per_sample_mj":0.12999938684326173,"validation/accuracy":0.9249,"validation/error":0.07510000467300415,"train/inference_avg_power_mw":6337.152,"VDD_IN_voltage_mv":4944}