{"VDD_SOC_power_mw":2570.88,"train/error":0.9002799987792969,"final/train_accuracy_sample":0.0989999994635582,"epoch":9,"gpu_usage_percent":0,"train/inference_total_latency_ms":452.8360366821289,"final/test_accuracy":0.940500020980835,"cpu_avg_percent":27.166666666666668,"ram_total_mb":7620,"test/inference_energy_per_sample_mj":0.03994312189178467,"ram_usage_percent":67.08661417322834,"VDD_CPU_GPU_CV_power_mw":2092.864,"VDD_SOC_current_ma":520,"VDD_IN_voltage_mv":4944,"test/accuracy":0.9405,"sample_val_accuracy":0.939453125,"validation/inference_total_latency_ms":80.89375495910645,"test/inference_avg_power_mw":6695.104,"final/val_accuracy_sample":0.9375,"VDD_IN_power_mw":7198.464,"train/inference_total_energy_mj":3293.615304473877,"validation/error":0.06330001354217529,"_wandb":{"runtime":757},"validation/inference_avg_power_mw":6695.104,"test/inference_total_energy_mj":399.4312189178467,"train/f1_score":0.0992631321461331,"phase":"softmax","VDD_CPU_GPU_CV_voltage_mv":4936,"_step":1515,"_runtime":757,"VDD_SOC_voltage_mv":4944,"train/inference_energy_per_sample_mj":0.06587230608947754,"validation/accuracy":0.9367,"VDD_IN_current_ma":1456,"ram_used_mb":5112,"validation/inference_energy_per_sample_mj":0.05415921024017334,"train/inference_avg_power_mw":7414.752,"validation/inference_total_energy_mj":541.5921024017334,"test/f1_score":0.9397731972937983,"train/accuracy":0.09972,"test/inference_latency_per_sample_ms":0.005966019630432129,"test/inference_total_latency_ms":59.66019630432129,"validation/f1_score":0.9358933401193067,"validation/inference_latency_per_sample_ms":0.008089375495910645,"VDD_CPU_GPU_CV_current_ma":424,"_timestamp":1.7639593543676276e+09,"test/error":0.05949997901916504,"train/inference_latency_per_sample_ms":0.009056720733642578}