{"test/error":0.0493999719619751,"test/f1_score":0.9502241157547076,"train/inference_avg_power_mw":7209.856000000002,"test/inference_total_energy_mj":461.46450000000004,"phase":"softmax","train/inference_total_latency_ms":628.8630962371826,"_step":1495,"validation/inference_avg_power_mw":6655.488,"validation/inference_latency_per_sample_ms":0.005534982681274414,"VDD_SOC_voltage_mv":4944,"sample_val_accuracy":0.9453125,"ram_total_mb":7620,"VDD_SOC_power_mw":2570.88,"_timestamp":1.763961930552214e+09,"final/val_accuracy_sample":0.9449999928474426,"VDD_IN_voltage_mv":4944,"validation/inference_total_energy_mj":368.38010815429686,"train/inference_total_energy_mj":4493.576909988403,"train/accuracy":0.10006,"_wandb":{"runtime":747},"train/inference_energy_per_sample_mj":0.08987153819976808,"test/accuracy":0.9506,"test/inference_total_latency_ms":69.3359375,"final/test_accuracy":0.9506000280380249,"validation/inference_total_latency_ms":55.34982681274414,"cpu_avg_percent":23.5,"validation/accuracy":0.9445,"validation/error":0.05549997091293335,"test/inference_latency_per_sample_ms":0.00693359375,"VDD_CPU_GPU_CV_power_mw":2013.888,"VDD_IN_current_ma":1424,"train/f1_score":0.09984294872851103,"validation/inference_energy_per_sample_mj":0.036838010815429686,"validation/f1_score":0.9439036675627859,"VDD_SOC_current_ma":520,"VDD_IN_power_mw":7040.256,"test/inference_avg_power_mw":6655.488,"test/inference_energy_per_sample_mj":0.046146450000000006,"epoch":9,"train/inference_latency_per_sample_ms":0.012577261924743652,"ram_usage_percent":66.91601049868765,"ram_used_mb":5099,"train/error":0.8999399989843369,"final/train_accuracy_sample":0.09960000216960907,"VDD_CPU_GPU_CV_voltage_mv":4936,"_runtime":747,"gpu_usage_percent":0,"VDD_CPU_GPU_CV_current_ma":408}