{"train/inference_latency_per_sample_ms":0.0015492343902587893,"sample_val_accuracy":0.90625,"validation/inference_latency_per_sample_ms":0.001531648635864258,"train/inference_energy_per_sample_mj":0.010294253525390625,"validation/inference_total_energy_mj":101.77400830078125,"gpu_usage_percent":38,"train/accuracy":0.09992,"VDD_SOC_voltage_mv":4936,"test/inference_latency_per_sample_ms":0.0014872312545776366,"train/inference_total_energy_mj":514.7126762695312,"train/inference_avg_power_mw":6644.736,"_wandb":{"runtime":303},"VDD_IN_voltage_mv":4936,"test/f1_score":0.9167926361742156,"VDD_IN_current_ma":1624,"validation/inference_avg_power_mw":6644.736,"train/inference_total_latency_ms":77.46171951293945,"test/inference_total_energy_mj":98.82259057617188,"validation/error":0.08380001783370972,"VDD_IN_power_mw":8016.064,"ram_used_mb":5274,"test/accuracy":0.9187,"train/error":0.9000800028443336,"test/inference_avg_power_mw":6644.736,"validation/accuracy":0.9162,"epoch":2,"_runtime":303,"VDD_CPU_GPU_CV_power_mw":2641.408,"ram_usage_percent":69.21259842519684,"VDD_SOC_power_mw":2685.184,"train/f1_score":0.09927818738229859,"validation/inference_total_latency_ms":15.316486358642578,"VDD_SOC_current_ma":544,"_step":602,"VDD_CPU_GPU_CV_voltage_mv":4928,"test/inference_energy_per_sample_mj":0.009882259057617186,"validation/inference_energy_per_sample_mj":0.010177400830078124,"phase":"softmax","VDD_CPU_GPU_CV_current_ma":536,"_timestamp":1.7639390593780103e+09,"test/error":0.08130002021789551,"validation/f1_score":0.9142117632490876,"ram_total_mb":7620,"cpu_avg_percent":58.5,"test/inference_total_latency_ms":14.872312545776367}