{"validation/inference_avg_power_mw":6655.488,"VDD_IN_current_ma":1344,"validation/inference_total_latency_ms":13.069391250610352,"epoch":9,"validation/inference_total_energy_mj":86.9831766357422,"test/f1_score":0.9453685281136638,"train/f1_score":0.0990632797707784,"test/inference_total_latency_ms":12.85099983215332,"_wandb":{"runtime":726},"validation/inference_energy_per_sample_mj":0.00869831766357422,"VDD_SOC_power_mw":2495.808,"VDD_IN_power_mw":6655.488,"cpu_avg_percent":17.333333333333332,"VDD_CPU_GPU_CV_current_ma":352,"validation/error":0.056800007820129395,"validation/f1_score":0.9424079348336303,"test/error":0.05390000343322754,"validation/accuracy":0.9432,"test/inference_latency_per_sample_ms":0.0012850999832153321,"train/inference_avg_power_mw":6655.488,"validation/inference_latency_per_sample_ms":0.0013069391250610351,"train/accuracy":0.09948,"_step":1453,"VDD_CPU_GPU_CV_voltage_mv":4944,"train/error":0.900519996881485,"ram_total_mb":7620,"VDD_IN_voltage_mv":4952,"test/inference_energy_per_sample_mj":0.008552967517089845,"ram_used_mb":5417,"VDD_SOC_current_ma":504,"test/accuracy":0.9461,"train/inference_total_latency_ms":79.35070991516113,"_timestamp":1.7639486932094493e+09,"train/inference_latency_per_sample_ms":0.0015870141983032227,"VDD_SOC_voltage_mv":4952,"ram_usage_percent":71.08923884514435,"gpu_usage_percent":0,"test/inference_total_energy_mj":85.52967517089844,"train/inference_energy_per_sample_mj":0.01056235395263672,"VDD_CPU_GPU_CV_power_mw":1740.288,"test/inference_avg_power_mw":6655.488,"phase":"softmax","train/inference_total_energy_mj":528.117697631836,"sample_val_accuracy":0.931640625,"_runtime":726}