{"validation/inference_avg_power_mw":7700.16,"train/error":0.9000800028443336,"train/inference_total_energy_mj":15369.741437973022,"train/inference_energy_per_sample_mj":0.30739482875946045,"test/inference_total_latency_ms":282.74059295654297,"phase":"softmax","validation/inference_total_latency_ms":300.19187927246094,"test/error":0.05870002508163452,"gpu_usage_percent":7,"train/inference_total_latency_ms":1755.655288696289,"VDD_IN_current_ma":1664,"final/test_accuracy":0.9412999749183655,"ram_used_mb":5007,"VDD_SOC_voltage_mv":4928,"_wandb":{"runtime":1631},"VDD_CPU_GPU_CV_voltage_mv":4920,"validation/inference_energy_per_sample_mj":0.23115255010986327,"ram_total_mb":7620,"_runtime":1631,"_step":3239,"_timestamp":1.763967498129915e+09,"final/val_accuracy_sample":0.9365000128746033,"VDD_CPU_GPU_CV_current_ma":568,"VDD_IN_power_mw":8200.192,"train/accuracy":0.09992,"validation/error":0.06730002164840698,"sample_val_accuracy":0.935546875,"test/accuracy":0.9413,"final/train_accuracy_sample":0.1080000028014183,"train/inference_latency_per_sample_ms":0.035113105773925776,"validation/inference_latency_per_sample_ms":0.030019187927246095,"train/f1_score":0.0996550185774557,"validation/f1_score":0.9313418254010758,"validation/inference_total_energy_mj":2311.525501098633,"test/inference_avg_power_mw":7502.72,"test/inference_energy_per_sample_mj":0.21213235015869142,"test/f1_score":0.9404677718343848,"validation/accuracy":0.9327,"test/inference_total_energy_mj":2121.323501586914,"epoch":9,"VDD_CPU_GPU_CV_power_mw":2794.56,"VDD_SOC_power_mw":2720.256,"test/inference_latency_per_sample_ms":0.028274059295654297,"VDD_SOC_current_ma":552,"ram_usage_percent":65.70866141732283,"cpu_avg_percent":51.666666666666664,"VDD_IN_voltage_mv":4928,"train/inference_avg_power_mw":8739.123200000002}