{"_timestamp":1.7639366510446937e+09,"_step":298,"validation/error":0.07829999923706055,"validation/inference_latency_per_sample_ms":0.0013399124145507812,"validation/f1_score":0.9204050772836488,"train/inference_avg_power_mw":6644.736,"ram_used_mb":5009,"validation/inference_total_latency_ms":13.399124145507812,"VDD_IN_voltage_mv":4944,"validation/accuracy":0.9217,"gpu_usage_percent":0,"cpu_avg_percent":18.5,"train/inference_total_energy_mj":438.9865532226562,"test/accuracy":0.9233,"train/inference_total_latency_ms":66.06531143188477,"_runtime":295,"test/inference_avg_power_mw":6644.736,"test/inference_total_latency_ms":13.504743576049805,"epoch":2,"validation/inference_energy_per_sample_mj":0.009009356689453126,"ram_total_mb":7620,"VDD_CPU_GPU_CV_voltage_mv":4936,"train/error":0.9007000029087067,"test/inference_latency_per_sample_ms":0.0013504743576049805,"train/inference_energy_per_sample_mj":0.008779731064453126,"VDD_SOC_current_ma":504,"VDD_CPU_GPU_CV_power_mw":1776.96,"VDD_SOC_voltage_mv":4944,"validation/inference_total_energy_mj":90.09356689453125,"test/inference_total_energy_mj":89.73545581054688,"test/f1_score":0.9222962417577281,"test/error":0.07669997215270996,"train/inference_latency_per_sample_ms":0.0013213062286376953,"VDD_CPU_GPU_CV_current_ma":360,"test/inference_energy_per_sample_mj":0.008973545581054686,"phase":"softmax","VDD_IN_current_ma":1360,"sample_val_accuracy":0.916015625,"VDD_SOC_power_mw":2491.776,"validation/inference_avg_power_mw":6723.84,"ram_usage_percent":65.73490813648294,"VDD_IN_power_mw":6723.84,"_wandb":{"runtime":295},"train/accuracy":0.0993,"train/f1_score":0.09892389124233608}