{"train/inference_latency_per_sample_ms":0.0012120056152343749,"VDD_IN_voltage_mv":4944,"VDD_IN_power_mw":6644.736,"cpu_avg_percent":16.833333333333332,"train/inference_total_energy_mj":414.30208166503905,"epoch":2,"VDD_CPU_GPU_CV_voltage_mv":4936,"_timestamp":1.7639372648701885e+09,"validation/inference_avg_power_mw":6644.736,"_step":296,"train/inference_avg_power_mw":6847.974399999999,"VDD_SOC_power_mw":2491.776,"train/accuracy":0.09958,"test/inference_latency_per_sample_ms":0.0012062072753906252,"test/inference_energy_per_sample_mj":0.00801492890625,"validation/inference_total_energy_mj":79.62174096679686,"test/inference_avg_power_mw":6644.736,"validation/inference_total_latency_ms":11.98267936706543,"validation/error":0.07349997758865356,"VDD_IN_current_ma":1344,"sample_val_accuracy":0.91796875,"validation/inference_latency_per_sample_ms":0.0011982679367065429,"validation/accuracy":0.9265,"train/inference_energy_per_sample_mj":0.008286041633300779,"train/error":0.9004200026392937,"validation/f1_score":0.9252983649634567,"train/f1_score":0.09931339488535243,"VDD_SOC_current_ma":504,"phase":"softmax","test/inference_total_latency_ms":12.06207275390625,"VDD_SOC_voltage_mv":4944,"validation/inference_energy_per_sample_mj":0.007962174096679688,"gpu_usage_percent":0,"train/inference_total_latency_ms":60.60028076171875,"_wandb":{"runtime":292},"test/error":0.06709998846054077,"test/f1_score":0.9320969508749497,"test/accuracy":0.9329,"ram_total_mb":7620,"ram_usage_percent":65.56430446194226,"ram_used_mb":4996,"VDD_CPU_GPU_CV_current_ma":352,"test/inference_total_energy_mj":80.1492890625,"VDD_CPU_GPU_CV_power_mw":1737.472,"_runtime":292}