{"ram_usage_percent":63.727034120734906,"VDD_IN_current_ma":1200,"VDD_IN_voltage_mv":4944,"validation/inference_total_latency_ms":137.46881484985352,"validation/inference_avg_power_mw":5576.832,"validation/inference_energy_per_sample_mj":0.07666404856567383,"final/val_accuracy_sample":0.9275000095367432,"ram_used_mb":4856,"_timestamp":1.763931412825006e+09,"VDD_SOC_voltage_mv":4944,"test/inference_total_energy_mj":645.3084219360352,"train/inference_energy_per_sample_mj":0.09214808180664062,"train/inference_avg_power_mw":5902.784,"phase":"softmax","train/f1_score":0.10040383512169879,"test/error":0.06950002908706665,"VDD_CPU_GPU_CV_voltage_mv":4936,"_wandb":{"runtime":392},"epoch":2,"test/f1_score":0.9295223615508427,"train/inference_latency_per_sample_ms":0.01568222045898437,"final/train_accuracy_sample":0.10639999806880951,"cpu_avg_percent":71.16666666666667,"_runtime":392,"final/test_accuracy":0.9304999709129333,"VDD_IN_power_mw":5932.8,"VDD_CPU_GPU_CV_current_ma":432,"validation/f1_score":0.9237391379450063,"test/inference_latency_per_sample_ms":0.01148974895477295,"validation/inference_total_energy_mj":766.6404856567383,"train/accuracy":0.10062,"ram_total_mb":7620,"validation/error":0.07510000467300415,"gpu_usage_percent":38,"test/inference_avg_power_mw":5616.384,"train/inference_total_energy_mj":4607.404090332031,"validation/accuracy":0.9249,"VDD_CPU_GPU_CV_power_mw":2132.352,"VDD_SOC_power_mw":1384.32,"_step":393,"test/accuracy":0.9305,"validation/inference_latency_per_sample_ms":0.013746881484985353,"test/inference_total_latency_ms":114.89748954772949,"train/inference_total_latency_ms":784.1110229492188,"test/inference_energy_per_sample_mj":0.06453084219360353,"VDD_SOC_current_ma":280,"train/error":0.8993799984455109,"sample_val_accuracy":0.92578125}