{"gradients/fc2.bias":{"_type":"histogram","values":[1,1,0,0,0,0,0,0,0,0,0,0,1,0,0,0,0,0,0,0,0,0,0,0,1,0,0,0,0,0,0,0,1,0,0,0,1,0,0,0,0,0,1,0,0,0,0,0,0,0,0,0,0,1,0,0,0,0,1,0,0,0,0,1],"bins":[-0.026395365595817566,-0.02558434195816517,-0.02477331832051277,-0.023962292820215225,-0.023151269182562828,-0.02234024554491043,-0.021529221907258034,-0.020718198269605637,-0.01990717463195324,-0.019096150994300842,-0.018285125494003296,-0.017474103718996048,-0.0166630782186985,-0.015852054581046104,-0.015041030943393707,-0.014230006374418736,-0.013418982736766338,-0.012607959099113941,-0.01179693453013897,-0.010985910892486572,-0.010174887254834175,-0.009363863617181778,-0.00855283997952938,-0.007741814479231834,-0.006930790841579437,-0.00611976720392704,-0.005308743566274643,-0.004497719928622246,-0.0036866962909698486,-0.0028756707906723022,-0.002064647153019905,-0.001253623515367508,-0.0004425998777151108,0.0003684237599372864,0.0011794473975896835,0.0019904710352420807,0.002801496535539627,0.0036125201731920242,0.004423543810844421,0.0052345674484968185,0.006045591086149216,0.006856614723801613,0.007667640224099159,0.008478663861751556,0.009289687499403954,0.01010071113705635,0.010911734774708748,0.01172275934368372,0.012533782981336117,0.013344806618988514,0.014155831187963486,0.014966854825615883,0.01577787846326828,0.016588903963565826,0.017399925738573074,0.01821095123887062,0.019021974876523018,0.019832998514175415,0.020644022151827812,0.02145504578948021,0.022266069427132607,0.023077093064785004,0.02388811856508255,0.024699142202734947,0.025510165840387344]},"Test Accuracy":98.38,"Examples":{"filenames":["media/images/Examples_9_a3fe2ff88dd32c357f1a.png","media/images/Examples_9_055024cb7c7605df7ab1.png","media/images/Examples_9_516ba3dec00ed3fafd92.png","media/images/Examples_9_fcfde031fc38af5d7b5a.png","media/images/Examples_9_852175cfdfbdd92b70fd.png","media/images/Examples_9_f820080d3aab31ca4077.png","media/images/Examples_9_f8af14163b5717a235a0.png","media/images/Examples_9_32e830a09a492e8f72c4.png","media/images/Examples_9_197f232ecbc4c7a56ca1.png","media/images/Examples_9_e78ab9a5c3429f023f99.png"],"captions":["Pred: 0 Truth: 0","Pred: 8 Truth: 8","Pred: 9 Truth: 8","Pred: 9 Truth: 9","Pred: 3 Truth: 3","Pred: 4 Truth: 4","Pred: 8 Truth: 8","Pred: 2 Truth: 2","Pred: 5 Truth: 5","Pred: 9 Truth: 9"],"_type":"images/separated","width":28,"height":28,"format":"png","count":10},"_runtime":506,"Test Loss":0.05257914276123047,"_step":9,"gradients/fc1.weight":{"values":[2,0,0,3,4,0,0,3,3,6,5,5,10,14,25,29,35,54,80,140,271,684,12687,740,357,227,158,113,80,55,40,26,25,21,15,8,14,10,5,9,3,6,1,5,6,2,4,0,0,0,1,2,1,0,0,0,2,0,0,0,2,0,1,1],"bins":[-0.2081604301929474,-0.19901709258556366,-0.18987375497817993,-0.1807304173707962,-0.17158707976341248,-0.16244372725486755,-0.15330038964748383,-0.1441570520401001,-0.13501371443271637,-0.12587037682533264,-0.11672703921794891,-0.10758369415998459,-0.09844035655260086,-0.08929701894521713,-0.08015367388725281,-0.07101033627986908,-0.06186699867248535,-0.052723661065101624,-0.043580323457717896,-0.03443698585033417,-0.02529364824295044,-0.016150295734405518,-0.0070069581270217896,0.0021363794803619385,0.011279717087745667,0.020423054695129395,0.029566392302513123,0.03870972990989685,0.04785308241844177,0.05699640512466431,0.06613975763320923,0.07528308033943176,0.08442643284797668,0.0935697853565216,0.10271310806274414,0.11185646057128906,0.1209997832775116,0.13014313578605652,0.13928647339344025,0.14842981100082397,0.1575731486082077,0.16671648621559143,0.17585982382297516,0.1850031614303589,0.1941465139389038,0.20328985154628754,0.21243318915367126,0.221576526761055,0.23071986436843872,0.23986320197582245,0.24900653958320618,0.2581498920917511,0.26729321479797363,0.27643656730651855,0.2855799198150635,0.294723242521286,0.30386656522750854,0.31300991773605347,0.3221532702445984,0.3312965929508209,0.34043994545936584,0.3495832681655884,0.3587266206741333,0.36786994338035583,0.37701329588890076],"_type":"histogram"},"gradients/conv2.bias":{"_type":"histogram","values":[1,0,0,0,0,0,0,1,0,1,0,0,0,0,0,0,0,0,0,0,2,1,2,1,0,1,1,0,0,1,0,1,1,0,2,1,0,0,0,0,0,0,0,1,0,0,0,0,0,0,0,0,0,0,0,0,0,1,0,0,0,0,0,1],"bins":[-0.010062206536531448,-0.009669619612395763,-0.009277032688260078,-0.008884444832801819,-0.008491857908666134,-0.008099270984530449,-0.007706683594733477,-0.007314096204936504,-0.006921509280800819,-0.006528922356665134,-0.006136334966868162,-0.00574374757707119,-0.005351160652935505,-0.00495857372879982,-0.004565986339002848,-0.004173398949205875,-0.0037808120250701904,-0.0033882251009345055,-0.002995637711137533,-0.002603050321340561,-0.002210463397204876,-0.001817876473069191,-0.0014252886176109314,-0.0010327016934752464,-0.0006401147693395615,-0.0002475278452038765,0.00014505907893180847,0.000537646934390068,0.000930233858525753,0.001322820782661438,0.0017154086381196976,0.0021079955622553825,0.0025005824863910675,0.0028931694105267525,0.0032857563346624374,0.003678344190120697,0.004070931114256382,0.004463518038392067,0.0048561058938503265,0.0052486928179860115,0.0056412797421216965,0.0060338666662573814,0.006426453590393066,0.006819041445851326,0.007211628369987011,0.007604215294122696,0.007996803149580956,0.00838939007371664,0.008781976997852325,0.00917456392198801,0.009567150846123695,0.009959738701581955,0.01035232562571764,0.010744912549853325,0.011137500405311584,0.01153008732944727,0.011922674253582954,0.01231526117771864,0.012707848101854324,0.013100435957312584,0.013493022881448269,0.013885609805583954,0.014278197661042213,0.014670784585177898,0.015063371509313583]},"gradients/conv1.bias":{"values":[1,0,0,0,0,0,0,0,0,0,0,0,0,0,0,0,0,0,0,1,0,0,0,0,0,0,0,0,0,1,1,1,0,0,0,0,0,0,0,0,0,0,1,1,0,0,0,0,0,0,1,0,0,0,0,0,0,0,1,0,0,0,0,1],"bins":[-0.050743669271469116,-0.049309853464365005,-0.047876037657260895,-0.04644222557544708,-0.04500840976834297,-0.04357459396123886,-0.04214077815413475,-0.04070696234703064,-0.03927315026521683,-0.03783933445811272,-0.036405518651008606,-0.034971702843904495,-0.033537887036800385,-0.03210407495498657,-0.030670257285237312,-0.02923644334077835,-0.02780262753367424,-0.02636881172657013,-0.024934997782111168,-0.023501181975007057,-0.022067368030548096,-0.020633552223443985,-0.019199736416339874,-0.017765920609235764,-0.016332104802131653,-0.01489829272031784,-0.01346447691321373,-0.01203066110610962,-0.010596845299005508,-0.009163029491901398,-0.0077292174100875854,-0.006295401602983475,-0.0048615895211696625,-0.0034277737140655518,-0.001993957906961441,-0.0005601458251476288,0.0008736699819564819,0.0023074857890605927,0.0037413015961647034,0.005175117403268814,0.006608929485082626,0.008042745292186737,0.009476561099290848,0.010910376906394958,0.01234419271349907,0.01377800665795803,0.015211822465062141,0.016645636409521103,0.018079452216625214,0.019513268023729324,0.020947081968188286,0.022380897775292397,0.023814711719751358,0.02524852752685547,0.02668234333395958,0.02811615914106369,0.02954997308552265,0.030983787029981613,0.032417602837085724,0.033851418644189835,0.035285234451293945,0.03671904653310776,0.03815286234021187,0.03958667814731598,0.04102049395442009],"_type":"histogram"},"gradients/fc1.bias":{"_type":"histogram","values":[1,0,1,0,0,0,0,0,0,2,0,1,1,0,5,6,2,5,6,3,6,2,1,1,1,0,1,0,1,1,0,0,0,0,2,0,0,0,0,0,0,0,0,0,0,0,0,0,0,0,0,0,0,0,0,0,0,0,0,0,0,0,0,1],